District,Zone,Ecological Belt,Development Region,Year (BS),Year (AD),size of person,Number
Achham,Seti,Hill,Far-Western,2068/69,2011/12,1 person,2230
Achham,Seti,Hill,Far-Western,2068/69,2011/12,2 persons,3581
Achham,Seti,Hill,Far-Western,2068/69,2011/12,3 persons,5242
Achham,Seti,Hill,Far-Western,2068/69,2011/12,4 persons,7228
Achham,Seti,Hill,Far-Western,2068/69,2011/12,5 persons,8269
Achham,Seti,Hill,Far-Western,2068/69,2011/12,6 persons,8351
Achham,Seti,Hill,Far-Western,2068/69,2011/12,7 persons,5607
Achham,Seti,Hill,Far-Western,2068/69,2011/12,8 persons,3669
Achham,Seti,Hill,Far-Western,2068/69,2011/12,9 persons and more,4174
Arghakhanchi,Lumbini,Hill,Western,2068/69,2011/12,1 person,2819
Arghakhanchi,Lumbini,Hill,Western,2068/69,2011/12,2 persons,6395
Arghakhanchi,Lumbini,Hill,Western,2068/69,2011/12,3 persons,9129
Arghakhanchi,Lumbini,Hill,Western,2068/69,2011/12,4 persons,9884
Arghakhanchi,Lumbini,Hill,Western,2068/69,2011/12,5 persons,8062
Arghakhanchi,Lumbini,Hill,Western,2068/69,2011/12,6 persons,5400
Arghakhanchi,Lumbini,Hill,Western,2068/69,2011/12,7 persons,2423
Arghakhanchi,Lumbini,Hill,Western,2068/69,2011/12,8 persons,1349
Arghakhanchi,Lumbini,Hill,Western,2068/69,2011/12,9 persons and more,1374
Baglung,Dhawalagiri,Hill,Western,2068/69,2011/12,1 person,3786
Baglung,Dhawalagiri,Hill,Western,2068/69,2011/12,2 persons,8327
Baglung,Dhawalagiri,Hill,Western,2068/69,2011/12,3 persons,10819
Baglung,Dhawalagiri,Hill,Western,2068/69,2011/12,4 persons,12623
Baglung,Dhawalagiri,Hill,Western,2068/69,2011/12,5 persons,10273
Baglung,Dhawalagiri,Hill,Western,2068/69,2011/12,6 persons,7507
Baglung,Dhawalagiri,Hill,Western,2068/69,2011/12,7 persons,3622
Baglung,Dhawalagiri,Hill,Western,2068/69,2011/12,8 persons,2105
Baglung,Dhawalagiri,Hill,Western,2068/69,2011/12,9 persons and more,2460
Baitadi,Mahakali,Hill,Far-Western,2068/69,2011/12,1 person,1753
Baitadi,Mahakali,Hill,Far-Western,2068/69,2011/12,2 persons,2938
Baitadi,Mahakali,Hill,Far-Western,2068/69,2011/12,3 persons,4146
Baitadi,Mahakali,Hill,Far-Western,2068/69,2011/12,4 persons,6675
Baitadi,Mahakali,Hill,Far-Western,2068/69,2011/12,5 persons,8338
Baitadi,Mahakali,Hill,Far-Western,2068/69,2011/12,6 persons,7945
Baitadi,Mahakali,Hill,Far-Western,2068/69,2011/12,7 persons,5211
Baitadi,Mahakali,Hill,Far-Western,2068/69,2011/12,8 persons,3453
Baitadi,Mahakali,Hill,Far-Western,2068/69,2011/12,9 persons and more,4732
Bajhang,Seti,Mountain,Far-Western,2068/69,2011/12,1 person,1430
Bajhang,Seti,Mountain,Far-Western,2068/69,2011/12,2 persons,1975
Bajhang,Seti,Mountain,Far-Western,2068/69,2011/12,3 persons,2920
Bajhang,Seti,Mountain,Far-Western,2068/69,2011/12,4 persons,4458
Bajhang,Seti,Mountain,Far-Western,2068/69,2011/12,5 persons,5806
Bajhang,Seti,Mountain,Far-Western,2068/69,2011/12,6 persons,5869
Bajhang,Seti,Mountain,Far-Western,2068/69,2011/12,7 persons,4083
Bajhang,Seti,Mountain,Far-Western,2068/69,2011/12,8 persons,2766
Bajhang,Seti,Mountain,Far-Western,2068/69,2011/12,9 persons and more,4479
Bajura,Seti,Mountain,Far-Western,2068/69,2011/12,1 person,1414
Bajura,Seti,Mountain,Far-Western,2068/69,2011/12,2 persons,1597
Bajura,Seti,Mountain,Far-Western,2068/69,2011/12,3 persons,2326
Bajura,Seti,Mountain,Far-Western,2068/69,2011/12,4 persons,3606
Bajura,Seti,Mountain,Far-Western,2068/69,2011/12,5 persons,4519
Bajura,Seti,Mountain,Far-Western,2068/69,2011/12,6 persons,4320
Bajura,Seti,Mountain,Far-Western,2068/69,2011/12,7 persons,2901
Bajura,Seti,Mountain,Far-Western,2068/69,2011/12,8 persons,1873
Bajura,Seti,Mountain,Far-Western,2068/69,2011/12,9 persons and more,2352
Banke,Bheri,Terai,Mid-Western,2068/69,2011/12,1 person,3948
Banke,Bheri,Terai,Mid-Western,2068/69,2011/12,2 persons,8812
Banke,Bheri,Terai,Mid-Western,2068/69,2011/12,3 persons,13219
Banke,Bheri,Terai,Mid-Western,2068/69,2011/12,4 persons,18373
Banke,Bheri,Terai,Mid-Western,2068/69,2011/12,5 persons,16457
Banke,Bheri,Terai,Mid-Western,2068/69,2011/12,6 persons,12903
Banke,Bheri,Terai,Mid-Western,2068/69,2011/12,7 persons,7331
Banke,Bheri,Terai,Mid-Western,2068/69,2011/12,8 persons,4801
Banke,Bheri,Terai,Mid-Western,2068/69,2011/12,9 persons and more,8929
Bara,Narayani,Terai,Central,2068/69,2011/12,1 person,2111
Bara,Narayani,Terai,Central,2068/69,2011/12,2 persons,5875
Bara,Narayani,Terai,Central,2068/69,2011/12,3 persons,7819
Bara,Narayani,Terai,Central,2068/69,2011/12,4 persons,15133
Bara,Narayani,Terai,Central,2068/69,2011/12,5 persons,19777
Bara,Narayani,Terai,Central,2068/69,2011/12,6 persons,18787
Bara,Narayani,Terai,Central,2068/69,2011/12,7 persons,11770
Bara,Narayani,Terai,Central,2068/69,2011/12,8 persons,7964
Bara,Narayani,Terai,Central,2068/69,2011/12,9 persons and more,19399
Bardiya,Bheri,Terai,Mid-Western,2068/69,2011/12,1 person,3103
Bardiya,Bheri,Terai,Mid-Western,2068/69,2011/12,2 persons,7352
Bardiya,Bheri,Terai,Mid-Western,2068/69,2011/12,3 persons,11339
Bardiya,Bheri,Terai,Mid-Western,2068/69,2011/12,4 persons,17645
Bardiya,Bheri,Terai,Mid-Western,2068/69,2011/12,5 persons,15332
Bardiya,Bheri,Terai,Mid-Western,2068/69,2011/12,6 persons,11129
Bardiya,Bheri,Terai,Mid-Western,2068/69,2011/12,7 persons,6054
Bardiya,Bheri,Terai,Mid-Western,2068/69,2011/12,8 persons,3803
Bardiya,Bheri,Terai,Mid-Western,2068/69,2011/12,9 persons and more,7419
Bhaktapur,Bagmati,Hill,Central,2068/69,2011/12,1 person,3636
Bhaktapur,Bagmati,Hill,Central,2068/69,2011/12,2 persons,7498
Bhaktapur,Bagmati,Hill,Central,2068/69,2011/12,3 persons,12425
Bhaktapur,Bagmati,Hill,Central,2068/69,2011/12,4 persons,18084
Bhaktapur,Bagmati,Hill,Central,2068/69,2011/12,5 persons,12000
Bhaktapur,Bagmati,Hill,Central,2068/69,2011/12,6 persons,7018
Bhaktapur,Bagmati,Hill,Central,2068/69,2011/12,7 persons,3152
Bhaktapur,Bagmati,Hill,Central,2068/69,2011/12,8 persons,1762
Bhaktapur,Bagmati,Hill,Central,2068/69,2011/12,9 persons and more,3061
Bhojpur,Kosi,Hill,Eastern,2068/69,2011/12,1 person,2589
Bhojpur,Kosi,Hill,Eastern,2068/69,2011/12,2 persons,4269
Bhojpur,Kosi,Hill,Eastern,2068/69,2011/12,3 persons,5738
Bhojpur,Kosi,Hill,Eastern,2068/69,2011/12,4 persons,7227
Bhojpur,Kosi,Hill,Eastern,2068/69,2011/12,5 persons,7102
Bhojpur,Kosi,Hill,Eastern,2068/69,2011/12,6 persons,5757
Bhojpur,Kosi,Hill,Eastern,2068/69,2011/12,7 persons,3160
Bhojpur,Kosi,Hill,Eastern,2068/69,2011/12,8 persons,1826
Bhojpur,Kosi,Hill,Eastern,2068/69,2011/12,9 persons and more,1751
Chitawan,Narayani,Terai,Central,2068/69,2011/12,1 person,6298
Chitawan,Narayani,Terai,Central,2068/69,2011/12,2 persons,16804
Chitawan,Narayani,Terai,Central,2068/69,2011/12,3 persons,25496
Chitawan,Narayani,Terai,Central,2068/69,2011/12,4 persons,31215
Chitawan,Narayani,Terai,Central,2068/69,2011/12,5 persons,22821
Chitawan,Narayani,Terai,Central,2068/69,2011/12,6 persons,14371
Chitawan,Narayani,Terai,Central,2068/69,2011/12,7 persons,6723
Chitawan,Narayani,Terai,Central,2068/69,2011/12,8 persons,3701
Chitawan,Narayani,Terai,Central,2068/69,2011/12,9 persons and more,5033
Dadeldhura,Mahakali,Hill,Far-Western,2068/69,2011/12,1 person,1457
Dadeldhura,Mahakali,Hill,Far-Western,2068/69,2011/12,2 persons,2089
Dadeldhura,Mahakali,Hill,Far-Western,2068/69,2011/12,3 persons,2858
Dadeldhura,Mahakali,Hill,Far-Western,2068/69,2011/12,4 persons,4320
Dadeldhura,Mahakali,Hill,Far-Western,2068/69,2011/12,5 persons,4908
Dadeldhura,Mahakali,Hill,Far-Western,2068/69,2011/12,6 persons,4529
Dadeldhura,Mahakali,Hill,Far-Western,2068/69,2011/12,7 persons,2810
Dadeldhura,Mahakali,Hill,Far-Western,2068/69,2011/12,8 persons,1724
Dadeldhura,Mahakali,Hill,Far-Western,2068/69,2011/12,9 persons and more,2350
Dailekh,Bheri,Hill,Mid-Western,2068/69,2011/12,1 person,1655
Dailekh,Bheri,Hill,Mid-Western,2068/69,2011/12,2 persons,3506
Dailekh,Bheri,Hill,Mid-Western,2068/69,2011/12,3 persons,5240
Dailekh,Bheri,Hill,Mid-Western,2068/69,2011/12,4 persons,7803
Dailekh,Bheri,Hill,Mid-Western,2068/69,2011/12,5 persons,8951
Dailekh,Bheri,Hill,Mid-Western,2068/69,2011/12,6 persons,8522
Dailekh,Bheri,Hill,Mid-Western,2068/69,2011/12,7 persons,5454
Dailekh,Bheri,Hill,Mid-Western,2068/69,2011/12,8 persons,3582
Dailekh,Bheri,Hill,Mid-Western,2068/69,2011/12,9 persons and more,4206
Dang,Rapti,Terai,Mid-Western,2068/69,2011/12,1 person,4167
Dang,Rapti,Terai,Mid-Western,2068/69,2011/12,2 persons,11902
Dang,Rapti,Terai,Mid-Western,2068/69,2011/12,3 persons,18925
Dang,Rapti,Terai,Mid-Western,2068/69,2011/12,4 persons,26460
Dang,Rapti,Terai,Mid-Western,2068/69,2011/12,5 persons,21564
Dang,Rapti,Terai,Mid-Western,2068/69,2011/12,6 persons,14735
Dang,Rapti,Terai,Mid-Western,2068/69,2011/12,7 persons,7427
Dang,Rapti,Terai,Mid-Western,2068/69,2011/12,8 persons,4366
Dang,Rapti,Terai,Mid-Western,2068/69,2011/12,9 persons and more,6869
Darchula,Mahakali,Mountain,Far-Western,2068/69,2011/12,1 person,1095
Darchula,Mahakali,Mountain,Far-Western,2068/69,2011/12,2 persons,1781
Darchula,Mahakali,Mountain,Far-Western,2068/69,2011/12,3 persons,2389
Darchula,Mahakali,Mountain,Far-Western,2068/69,2011/12,4 persons,3752
Darchula,Mahakali,Mountain,Far-Western,2068/69,2011/12,5 persons,4485
Darchula,Mahakali,Mountain,Far-Western,2068/69,2011/12,6 persons,4206
Darchula,Mahakali,Mountain,Far-Western,2068/69,2011/12,7 persons,2798
Darchula,Mahakali,Mountain,Far-Western,2068/69,2011/12,8 persons,1768
Darchula,Mahakali,Mountain,Far-Western,2068/69,2011/12,9 persons and more,2344
Dhading,Bagmati,Hill,Central,2068/69,2011/12,1 person,4096
Dhading,Bagmati,Hill,Central,2068/69,2011/12,2 persons,9004
Dhading,Bagmati,Hill,Central,2068/69,2011/12,3 persons,11169
Dhading,Bagmati,Hill,Central,2068/69,2011/12,4 persons,14835
Dhading,Bagmati,Hill,Central,2068/69,2011/12,5 persons,13351
Dhading,Bagmati,Hill,Central,2068/69,2011/12,6 persons,9935
Dhading,Bagmati,Hill,Central,2068/69,2011/12,7 persons,5352
Dhading,Bagmati,Hill,Central,2068/69,2011/12,8 persons,2997
Dhading,Bagmati,Hill,Central,2068/69,2011/12,9 persons and more,3112
Dhankuta,Kosi,Hill,Eastern,2068/69,2011/12,1 person,2531
Dhankuta,Kosi,Hill,Eastern,2068/69,2011/12,2 persons,4867
Dhankuta,Kosi,Hill,Eastern,2068/69,2011/12,3 persons,6691
Dhankuta,Kosi,Hill,Eastern,2068/69,2011/12,4 persons,7660
Dhankuta,Kosi,Hill,Eastern,2068/69,2011/12,5 persons,6467
Dhankuta,Kosi,Hill,Eastern,2068/69,2011/12,6 persons,4643
Dhankuta,Kosi,Hill,Eastern,2068/69,2011/12,7 persons,2302
Dhankuta,Kosi,Hill,Eastern,2068/69,2011/12,8 persons,1254
Dhankuta,Kosi,Hill,Eastern,2068/69,2011/12,9 persons and more,1222
Dhanusa,Janakpur,Terai,Central,2068/69,2011/12,1 person,3814
Dhanusa,Janakpur,Terai,Central,2068/69,2011/12,2 persons,9926
Dhanusa,Janakpur,Terai,Central,2068/69,2011/12,3 persons,13701
Dhanusa,Janakpur,Terai,Central,2068/69,2011/12,4 persons,24463
Dhanusa,Janakpur,Terai,Central,2068/69,2011/12,5 persons,28617
Dhanusa,Janakpur,Terai,Central,2068/69,2011/12,6 persons,23733
Dhanusa,Janakpur,Terai,Central,2068/69,2011/12,7 persons,11897
Dhanusa,Janakpur,Terai,Central,2068/69,2011/12,8 persons,7572
Dhanusa,Janakpur,Terai,Central,2068/69,2011/12,9 persons and more,14526
Dolakha,Janakpur,Mountain,Central,2068/69,2011/12,1 person,4154
Dolakha,Janakpur,Mountain,Central,2068/69,2011/12,2 persons,7135
Dolakha,Janakpur,Mountain,Central,2068/69,2011/12,3 persons,7455
Dolakha,Janakpur,Mountain,Central,2068/69,2011/12,4 persons,8871
Dolakha,Janakpur,Mountain,Central,2068/69,2011/12,5 persons,7838
Dolakha,Janakpur,Mountain,Central,2068/69,2011/12,6 persons,5490
Dolakha,Janakpur,Mountain,Central,2068/69,2011/12,7 persons,2623
Dolakha,Janakpur,Mountain,Central,2068/69,2011/12,8 persons,1215
Dolakha,Janakpur,Mountain,Central,2068/69,2011/12,9 persons and more,907
Dolpa,Karnali,Mountain,Mid-Western,2068/69,2011/12,1 person,501
Dolpa,Karnali,Mountain,Mid-Western,2068/69,2011/12,2 persons,676
Dolpa,Karnali,Mountain,Mid-Western,2068/69,2011/12,3 persons,928
Dolpa,Karnali,Mountain,Mid-Western,2068/69,2011/12,4 persons,1296
Dolpa,Karnali,Mountain,Mid-Western,2068/69,2011/12,5 persons,1300
Dolpa,Karnali,Mountain,Mid-Western,2068/69,2011/12,6 persons,1236
Dolpa,Karnali,Mountain,Mid-Western,2068/69,2011/12,7 persons,684
Dolpa,Karnali,Mountain,Mid-Western,2068/69,2011/12,8 persons,424
Dolpa,Karnali,Mountain,Mid-Western,2068/69,2011/12,9 persons and more,443
Doti,Seti,Hill,Far-Western,2068/69,2011/12,1 person,2559
Doti,Seti,Hill,Far-Western,2068/69,2011/12,2 persons,3478
Doti,Seti,Hill,Far-Western,2068/69,2011/12,3 persons,5141
Doti,Seti,Hill,Far-Western,2068/69,2011/12,4 persons,6808
Doti,Seti,Hill,Far-Western,2068/69,2011/12,5 persons,7277
Doti,Seti,Hill,Far-Western,2068/69,2011/12,6 persons,6623
Doti,Seti,Hill,Far-Western,2068/69,2011/12,7 persons,4068
Doti,Seti,Hill,Far-Western,2068/69,2011/12,8 persons,2494
Doti,Seti,Hill,Far-Western,2068/69,2011/12,9 persons and more,2992
Gorkha,Gandaki,Hill,Western,2068/69,2011/12,1 person,4894
Gorkha,Gandaki,Hill,Western,2068/69,2011/12,2 persons,11071
Gorkha,Gandaki,Hill,Western,2068/69,2011/12,3 persons,12054
Gorkha,Gandaki,Hill,Western,2068/69,2011/12,4 persons,13346
Gorkha,Gandaki,Hill,Western,2068/69,2011/12,5 persons,11038
Gorkha,Gandaki,Hill,Western,2068/69,2011/12,6 persons,7443
Gorkha,Gandaki,Hill,Western,2068/69,2011/12,7 persons,3319
Gorkha,Gandaki,Hill,Western,2068/69,2011/12,8 persons,1775
Gorkha,Gandaki,Hill,Western,2068/69,2011/12,9 persons and more,1566
Gulmi,Lumbini,Hill,Western,2068/69,2011/12,1 person,4144
Gulmi,Lumbini,Hill,Western,2068/69,2011/12,2 persons,8564
Gulmi,Lumbini,Hill,Western,2068/69,2011/12,3 persons,11868
Gulmi,Lumbini,Hill,Western,2068/69,2011/12,4 persons,13179
Gulmi,Lumbini,Hill,Western,2068/69,2011/12,5 persons,11153
Gulmi,Lumbini,Hill,Western,2068/69,2011/12,6 persons,7729
Gulmi,Lumbini,Hill,Western,2068/69,2011/12,7 persons,3883
Gulmi,Lumbini,Hill,Western,2068/69,2011/12,8 persons,2097
Gulmi,Lumbini,Hill,Western,2068/69,2011/12,9 persons and more,2304
Humla,Karnali,Mountain,Mid-Western,2068/69,2011/12,1 person,806
Humla,Karnali,Mountain,Mid-Western,2068/69,2011/12,2 persons,596
Humla,Karnali,Mountain,Mid-Western,2068/69,2011/12,3 persons,869
Humla,Karnali,Mountain,Mid-Western,2068/69,2011/12,4 persons,1340
Humla,Karnali,Mountain,Mid-Western,2068/69,2011/12,5 persons,1604
Humla,Karnali,Mountain,Mid-Western,2068/69,2011/12,6 persons,1553
Humla,Karnali,Mountain,Mid-Western,2068/69,2011/12,7 persons,1104
Humla,Karnali,Mountain,Mid-Western,2068/69,2011/12,8 persons,668
Humla,Karnali,Mountain,Mid-Western,2068/69,2011/12,9 persons and more,939
Ilam,Mechi,Hill,Eastern,2068/69,2011/12,1 person,2423
Ilam,Mechi,Hill,Eastern,2068/69,2011/12,2 persons,6531
Ilam,Mechi,Hill,Eastern,2068/69,2011/12,3 persons,11390
Ilam,Mechi,Hill,Eastern,2068/69,2011/12,4 persons,15423
Ilam,Mechi,Hill,Eastern,2068/69,2011/12,5 persons,12196
Ilam,Mechi,Hill,Eastern,2068/69,2011/12,6 persons,8406
Ilam,Mechi,Hill,Eastern,2068/69,2011/12,7 persons,3866
Ilam,Mechi,Hill,Eastern,2068/69,2011/12,8 persons,2149
Ilam,Mechi,Hill,Eastern,2068/69,2011/12,9 persons and more,2118
Jajarkot,Bheri,Hill,Mid-Western,2068/69,2011/12,1 person,663
Jajarkot,Bheri,Hill,Mid-Western,2068/69,2011/12,2 persons,1731
Jajarkot,Bheri,Hill,Mid-Western,2068/69,2011/12,3 persons,2786
Jajarkot,Bheri,Hill,Mid-Western,2068/69,2011/12,4 persons,4516
Jajarkot,Bheri,Hill,Mid-Western,2068/69,2011/12,5 persons,5627
Jajarkot,Bheri,Hill,Mid-Western,2068/69,2011/12,6 persons,6084
Jajarkot,Bheri,Hill,Mid-Western,2068/69,2011/12,7 persons,3823
Jajarkot,Bheri,Hill,Mid-Western,2068/69,2011/12,8 persons,2390
Jajarkot,Bheri,Hill,Mid-Western,2068/69,2011/12,9 persons and more,2852
Jhapa,Mechi,Terai,Eastern,2068/69,2011/12,1 person,6369
Jhapa,Mechi,Terai,Eastern,2068/69,2011/12,2 persons,20684
Jhapa,Mechi,Terai,Eastern,2068/69,2011/12,3 persons,34902
Jhapa,Mechi,Terai,Eastern,2068/69,2011/12,4 persons,44853
Jhapa,Mechi,Terai,Eastern,2068/69,2011/12,5 persons,34514
Jhapa,Mechi,Terai,Eastern,2068/69,2011/12,6 persons,22006
Jhapa,Mechi,Terai,Eastern,2068/69,2011/12,7 persons,9947
Jhapa,Mechi,Terai,Eastern,2068/69,2011/12,8 persons,5369
Jhapa,Mechi,Terai,Eastern,2068/69,2011/12,9 persons and more,5908
Jumla,Karnali,Mountain,Mid-Western,2068/69,2011/12,1 person,582
Jumla,Karnali,Mountain,Mid-Western,2068/69,2011/12,2 persons,1090
Jumla,Karnali,Mountain,Mid-Western,2068/69,2011/12,3 persons,1753
Jumla,Karnali,Mountain,Mid-Western,2068/69,2011/12,4 persons,3084
Jumla,Karnali,Mountain,Mid-Western,2068/69,2011/12,5 persons,3777
Jumla,Karnali,Mountain,Mid-Western,2068/69,2011/12,6 persons,3370
Jumla,Karnali,Mountain,Mid-Western,2068/69,2011/12,7 persons,2154
Jumla,Karnali,Mountain,Mid-Western,2068/69,2011/12,8 persons,1479
Jumla,Karnali,Mountain,Mid-Western,2068/69,2011/12,9 persons and more,2014
Kailali,Seti,Terai,Far-Western,2068/69,2011/12,1 person,4650
Kailali,Seti,Terai,Far-Western,2068/69,2011/12,2 persons,10521
Kailali,Seti,Terai,Far-Western,2068/69,2011/12,3 persons,16271
Kailali,Seti,Terai,Far-Western,2068/69,2011/12,4 persons,27579
Kailali,Seti,Terai,Far-Western,2068/69,2011/12,5 persons,27197
Kailali,Seti,Terai,Far-Western,2068/69,2011/12,6 persons,21438
Kailali,Seti,Terai,Far-Western,2068/69,2011/12,7 persons,12261
Kailali,Seti,Terai,Far-Western,2068/69,2011/12,8 persons,7669
Kailali,Seti,Terai,Far-Western,2068/69,2011/12,9 persons and more,14894
Kalikot,Karnali,Mountain,Mid-Western,2068/69,2011/12,1 person,579
Kalikot,Karnali,Mountain,Mid-Western,2068/69,2011/12,2 persons,1194
Kalikot,Karnali,Mountain,Mid-Western,2068/69,2011/12,3 persons,1902
Kalikot,Karnali,Mountain,Mid-Western,2068/69,2011/12,4 persons,2814
Kalikot,Karnali,Mountain,Mid-Western,2068/69,2011/12,5 persons,3716
Kalikot,Karnali,Mountain,Mid-Western,2068/69,2011/12,6 persons,4401
Kalikot,Karnali,Mountain,Mid-Western,2068/69,2011/12,7 persons,3053
Kalikot,Karnali,Mountain,Mid-Western,2068/69,2011/12,8 persons,2195
Kalikot,Karnali,Mountain,Mid-Western,2068/69,2011/12,9 persons and more,3159
Kanchanpur,Mahakali,Terai,Far-Western,2068/69,2011/12,1 person,2448
Kanchanpur,Mahakali,Terai,Far-Western,2068/69,2011/12,2 persons,5616
Kanchanpur,Mahakali,Terai,Far-Western,2068/69,2011/12,3 persons,8886
Kanchanpur,Mahakali,Terai,Far-Western,2068/69,2011/12,4 persons,14997
Kanchanpur,Mahakali,Terai,Far-Western,2068/69,2011/12,5 persons,16233
Kanchanpur,Mahakali,Terai,Far-Western,2068/69,2011/12,6 persons,13029
Kanchanpur,Mahakali,Terai,Far-Western,2068/69,2011/12,7 persons,7539
Kanchanpur,Mahakali,Terai,Far-Western,2068/69,2011/12,8 persons,4647
Kanchanpur,Mahakali,Terai,Far-Western,2068/69,2011/12,9 persons and more,8757
Kapilbastu,Lumbini,Terai,Western,2068/69,2011/12,1 person,2788
Kapilbastu,Lumbini,Terai,Western,2068/69,2011/12,2 persons,6737
Kapilbastu,Lumbini,Terai,Western,2068/69,2011/12,3 persons,9124
Kapilbastu,Lumbini,Terai,Western,2068/69,2011/12,4 persons,13183
Kapilbastu,Lumbini,Terai,Western,2068/69,2011/12,5 persons,13657
Kapilbastu,Lumbini,Terai,Western,2068/69,2011/12,6 persons,12782
Kapilbastu,Lumbini,Terai,Western,2068/69,2011/12,7 persons,8764
Kapilbastu,Lumbini,Terai,Western,2068/69,2011/12,8 persons,6578
Kapilbastu,Lumbini,Terai,Western,2068/69,2011/12,9 persons and more,17708
Kaski,Gandaki,Hill,Western,2068/69,2011/12,1 person,10083
Kaski,Gandaki,Hill,Western,2068/69,2011/12,2 persons,20315
Kaski,Gandaki,Hill,Western,2068/69,2011/12,3 persons,27144
Kaski,Gandaki,Hill,Western,2068/69,2011/12,4 persons,29122
Kaski,Gandaki,Hill,Western,2068/69,2011/12,5 persons,19349
Kaski,Gandaki,Hill,Western,2068/69,2011/12,6 persons,10486
Kaski,Gandaki,Hill,Western,2068/69,2011/12,7 persons,4404
Kaski,Gandaki,Hill,Western,2068/69,2011/12,8 persons,2226
Kaski,Gandaki,Hill,Western,2068/69,2011/12,9 persons and more,2544
Kathmandu,Bagmati,Hill,Central,2068/69,2011/12,1 person,33242
Kathmandu,Bagmati,Hill,Central,2068/69,2011/12,2 persons,67564
Kathmandu,Bagmati,Hill,Central,2068/69,2011/12,3 persons,95012
Kathmandu,Bagmati,Hill,Central,2068/69,2011/12,4 persons,108821
Kathmandu,Bagmati,Hill,Central,2068/69,2011/12,5 persons,63062
Kathmandu,Bagmati,Hill,Central,2068/69,2011/12,6 persons,33690
Kathmandu,Bagmati,Hill,Central,2068/69,2011/12,7 persons,14000
Kathmandu,Bagmati,Hill,Central,2068/69,2011/12,8 persons,8020
Kathmandu,Bagmati,Hill,Central,2068/69,2011/12,9 persons and more,12933
Kavrepalanchok,Bagmati,Hill,Central,2068/69,2011/12,1 person,4266
Kavrepalanchok,Bagmati,Hill,Central,2068/69,2011/12,2 persons,8794
Kavrepalanchok,Bagmati,Hill,Central,2068/69,2011/12,3 persons,11746
Kavrepalanchok,Bagmati,Hill,Central,2068/69,2011/12,4 persons,16685
Kavrepalanchok,Bagmati,Hill,Central,2068/69,2011/12,5 persons,14758
Kavrepalanchok,Bagmati,Hill,Central,2068/69,2011/12,6 persons,11121
Kavrepalanchok,Bagmati,Hill,Central,2068/69,2011/12,7 persons,5748
Kavrepalanchok,Bagmati,Hill,Central,2068/69,2011/12,8 persons,3269
Kavrepalanchok,Bagmati,Hill,Central,2068/69,2011/12,9 persons and more,4333
Khotang,Sagarmatha,Hill,Eastern,2068/69,2011/12,1 person,2473
Khotang,Sagarmatha,Hill,Eastern,2068/69,2011/12,2 persons,4459
Khotang,Sagarmatha,Hill,Eastern,2068/69,2011/12,3 persons,5715
Khotang,Sagarmatha,Hill,Eastern,2068/69,2011/12,4 persons,7162
Khotang,Sagarmatha,Hill,Eastern,2068/69,2011/12,5 persons,7365
Khotang,Sagarmatha,Hill,Eastern,2068/69,2011/12,6 persons,6642
Khotang,Sagarmatha,Hill,Eastern,2068/69,2011/12,7 persons,3985
Khotang,Sagarmatha,Hill,Eastern,2068/69,2011/12,8 persons,2406
Khotang,Sagarmatha,Hill,Eastern,2068/69,2011/12,9 persons and more,2457
Lalitpur,Bagmati,Hill,Central,2068/69,2011/12,1 person,6502
Lalitpur,Bagmati,Hill,Central,2068/69,2011/12,2 persons,13912
Lalitpur,Bagmati,Hill,Central,2068/69,2011/12,3 persons,21954
Lalitpur,Bagmati,Hill,Central,2068/69,2011/12,4 persons,28193
Lalitpur,Bagmati,Hill,Central,2068/69,2011/12,5 persons,17550
Lalitpur,Bagmati,Hill,Central,2068/69,2011/12,6 persons,10482
Lalitpur,Bagmati,Hill,Central,2068/69,2011/12,7 persons,4372
Lalitpur,Bagmati,Hill,Central,2068/69,2011/12,8 persons,2514
Lalitpur,Bagmati,Hill,Central,2068/69,2011/12,9 persons and more,4318
Lamjung,Gandaki,Hill,Western,2068/69,2011/12,1 person,3187
Lamjung,Gandaki,Hill,Western,2068/69,2011/12,2 persons,6801
Lamjung,Gandaki,Hill,Western,2068/69,2011/12,3 persons,8538
Lamjung,Gandaki,Hill,Western,2068/69,2011/12,4 persons,8888
Lamjung,Gandaki,Hill,Western,2068/69,2011/12,5 persons,6763
Lamjung,Gandaki,Hill,Western,2068/69,2011/12,6 persons,4238
Lamjung,Gandaki,Hill,Western,2068/69,2011/12,7 persons,1788
Lamjung,Gandaki,Hill,Western,2068/69,2011/12,8 persons,989
Lamjung,Gandaki,Hill,Western,2068/69,2011/12,9 persons and more,887
Mahottari,Janakpur,Terai,Central,2068/69,2011/12,1 person,2993
Mahottari,Janakpur,Terai,Central,2068/69,2011/12,2 persons,8216
Mahottari,Janakpur,Terai,Central,2068/69,2011/12,3 persons,10632
Mahottari,Janakpur,Terai,Central,2068/69,2011/12,4 persons,17969
Mahottari,Janakpur,Terai,Central,2068/69,2011/12,5 persons,21579
Mahottari,Janakpur,Terai,Central,2068/69,2011/12,6 persons,18912
Mahottari,Janakpur,Terai,Central,2068/69,2011/12,7 persons,10695
Mahottari,Janakpur,Terai,Central,2068/69,2011/12,8 persons,6892
Mahottari,Janakpur,Terai,Central,2068/69,2011/12,9 persons and more,13428
Makwanpur,Narayani,Hill,Central,2068/69,2011/12,1 person,3593
Makwanpur,Narayani,Hill,Central,2068/69,2011/12,2 persons,8341
Makwanpur,Narayani,Hill,Central,2068/69,2011/12,3 persons,12074
Makwanpur,Narayani,Hill,Central,2068/69,2011/12,4 persons,17268
Makwanpur,Narayani,Hill,Central,2068/69,2011/12,5 persons,16062
Makwanpur,Narayani,Hill,Central,2068/69,2011/12,6 persons,12527
Makwanpur,Narayani,Hill,Central,2068/69,2011/12,7 persons,6805
Makwanpur,Narayani,Hill,Central,2068/69,2011/12,8 persons,4166
Makwanpur,Narayani,Hill,Central,2068/69,2011/12,9 persons and more,5291
Manang,Gandaki,Mountain,Western,2068/69,2011/12,1 person,166
Manang,Gandaki,Mountain,Western,2068/69,2011/12,2 persons,224
Manang,Gandaki,Mountain,Western,2068/69,2011/12,3 persons,244
Manang,Gandaki,Mountain,Western,2068/69,2011/12,4 persons,279
Manang,Gandaki,Mountain,Western,2068/69,2011/12,5 persons,210
Manang,Gandaki,Mountain,Western,2068/69,2011/12,6 persons,173
Manang,Gandaki,Mountain,Western,2068/69,2011/12,7 persons,73
Manang,Gandaki,Mountain,Western,2068/69,2011/12,8 persons,48
Manang,Gandaki,Mountain,Western,2068/69,2011/12,9 persons and more,63
Morang,Kosi,Terai,Eastern,2068/69,2011/12,1 person,8293
Morang,Kosi,Terai,Eastern,2068/69,2011/12,2 persons,23494
Morang,Kosi,Terai,Eastern,2068/69,2011/12,3 persons,36673
Morang,Kosi,Terai,Eastern,2068/69,2011/12,4 persons,50278
Morang,Kosi,Terai,Eastern,2068/69,2011/12,5 persons,41317
Morang,Kosi,Terai,Eastern,2068/69,2011/12,6 persons,26608
Morang,Kosi,Terai,Eastern,2068/69,2011/12,7 persons,12229
Morang,Kosi,Terai,Eastern,2068/69,2011/12,8 persons,6546
Morang,Kosi,Terai,Eastern,2068/69,2011/12,9 persons and more,8559
Mugu,Karnali,Mountain,Mid-Western,2068/69,2011/12,1 person,311
Mugu,Karnali,Mountain,Mid-Western,2068/69,2011/12,2 persons,524
Mugu,Karnali,Mountain,Mid-Western,2068/69,2011/12,3 persons,749
Mugu,Karnali,Mountain,Mid-Western,2068/69,2011/12,4 persons,1292
Mugu,Karnali,Mountain,Mid-Western,2068/69,2011/12,5 persons,1781
Mugu,Karnali,Mountain,Mid-Western,2068/69,2011/12,6 persons,1866
Mugu,Karnali,Mountain,Mid-Western,2068/69,2011/12,7 persons,1238
Mugu,Karnali,Mountain,Mid-Western,2068/69,2011/12,8 persons,800
Mugu,Karnali,Mountain,Mid-Western,2068/69,2011/12,9 persons and more,1058
Mustang,Dhawalagiri,Mountain,Western,2068/69,2011/12,1 person,465
Mustang,Dhawalagiri,Mountain,Western,2068/69,2011/12,2 persons,610
Mustang,Dhawalagiri,Mountain,Western,2068/69,2011/12,3 persons,744
Mustang,Dhawalagiri,Mountain,Western,2068/69,2011/12,4 persons,602
Mustang,Dhawalagiri,Mountain,Western,2068/69,2011/12,5 persons,434
Mustang,Dhawalagiri,Mountain,Western,2068/69,2011/12,6 persons,280
Mustang,Dhawalagiri,Mountain,Western,2068/69,2011/12,7 persons,84
Mustang,Dhawalagiri,Mountain,Western,2068/69,2011/12,8 persons,36
Mustang,Dhawalagiri,Mountain,Western,2068/69,2011/12,9 persons and more,99
Myagdi,Dhawalagiri,Hill,Western,2068/69,2011/12,1 person,2362
Myagdi,Dhawalagiri,Hill,Western,2068/69,2011/12,2 persons,4488
Myagdi,Dhawalagiri,Hill,Western,2068/69,2011/12,3 persons,5131
Myagdi,Dhawalagiri,Hill,Western,2068/69,2011/12,4 persons,5426
Myagdi,Dhawalagiri,Hill,Western,2068/69,2011/12,5 persons,4323
Myagdi,Dhawalagiri,Hill,Western,2068/69,2011/12,6 persons,3021
Myagdi,Dhawalagiri,Hill,Western,2068/69,2011/12,7 persons,1442
Myagdi,Dhawalagiri,Hill,Western,2068/69,2011/12,8 persons,795
Myagdi,Dhawalagiri,Hill,Western,2068/69,2011/12,9 persons and more,774
Nawalparasi,Lumbini,Terai,Western,2068/69,2011/12,1 person,4392
Nawalparasi,Lumbini,Terai,Western,2068/69,2011/12,2 persons,12037
Nawalparasi,Lumbini,Terai,Western,2068/69,2011/12,3 persons,19757
Nawalparasi,Lumbini,Terai,Western,2068/69,2011/12,4 persons,27569
Nawalparasi,Lumbini,Terai,Western,2068/69,2011/12,5 persons,23415
Nawalparasi,Lumbini,Terai,Western,2068/69,2011/12,6 persons,16374
Nawalparasi,Lumbini,Terai,Western,2068/69,2011/12,7 persons,9155
Nawalparasi,Lumbini,Terai,Western,2068/69,2011/12,8 persons,5606
Nawalparasi,Lumbini,Terai,Western,2068/69,2011/12,9 persons and more,10488
Nuwakot,Bagmati,Hill,Central,2068/69,2011/12,1 person,3107
Nuwakot,Bagmati,Hill,Central,2068/69,2011/12,2 persons,6888
Nuwakot,Bagmati,Hill,Central,2068/69,2011/12,3 persons,8084
Nuwakot,Bagmati,Hill,Central,2068/69,2011/12,4 persons,11471
Nuwakot,Bagmati,Hill,Central,2068/69,2011/12,5 persons,10975
Nuwakot,Bagmati,Hill,Central,2068/69,2011/12,6 persons,8953
Nuwakot,Bagmati,Hill,Central,2068/69,2011/12,7 persons,4274
Nuwakot,Bagmati,Hill,Central,2068/69,2011/12,8 persons,2496
Nuwakot,Bagmati,Hill,Central,2068/69,2011/12,9 persons and more,2967
Okhaldhunga,Sagarmatha,Hill,Eastern,2068/69,2011/12,1 person,2161
Okhaldhunga,Sagarmatha,Hill,Eastern,2068/69,2011/12,2 persons,4102
Okhaldhunga,Sagarmatha,Hill,Eastern,2068/69,2011/12,3 persons,4696
Okhaldhunga,Sagarmatha,Hill,Eastern,2068/69,2011/12,4 persons,6058
Okhaldhunga,Sagarmatha,Hill,Eastern,2068/69,2011/12,5 persons,5528
Okhaldhunga,Sagarmatha,Hill,Eastern,2068/69,2011/12,6 persons,4609
Okhaldhunga,Sagarmatha,Hill,Eastern,2068/69,2011/12,7 persons,2527
Okhaldhunga,Sagarmatha,Hill,Eastern,2068/69,2011/12,8 persons,1408
Okhaldhunga,Sagarmatha,Hill,Eastern,2068/69,2011/12,9 persons and more,1413
Palpa,Lumbini,Hill,Western,2068/69,2011/12,1 person,3957
Palpa,Lumbini,Hill,Western,2068/69,2011/12,2 persons,7782
Palpa,Lumbini,Hill,Western,2068/69,2011/12,3 persons,10720
Palpa,Lumbini,Hill,Western,2068/69,2011/12,4 persons,12105
Palpa,Lumbini,Hill,Western,2068/69,2011/12,5 persons,9785
Palpa,Lumbini,Hill,Western,2068/69,2011/12,6 persons,6781
Palpa,Lumbini,Hill,Western,2068/69,2011/12,7 persons,3394
Palpa,Lumbini,Hill,Western,2068/69,2011/12,8 persons,1892
Palpa,Lumbini,Hill,Western,2068/69,2011/12,9 persons and more,2875
Panchthar,Mechi,Hill,Eastern,2068/69,2011/12,1 person,2159
Panchthar,Mechi,Hill,Eastern,2068/69,2011/12,2 persons,4553
Panchthar,Mechi,Hill,Eastern,2068/69,2011/12,3 persons,6276
Panchthar,Mechi,Hill,Eastern,2068/69,2011/12,4 persons,8080
Panchthar,Mechi,Hill,Eastern,2068/69,2011/12,5 persons,7292
Panchthar,Mechi,Hill,Eastern,2068/69,2011/12,6 persons,5800
Panchthar,Mechi,Hill,Eastern,2068/69,2011/12,7 persons,3174
Panchthar,Mechi,Hill,Eastern,2068/69,2011/12,8 persons,1883
Panchthar,Mechi,Hill,Eastern,2068/69,2011/12,9 persons and more,1979
Parbat,Dhawalagiri,Hill,Western,2068/69,2011/12,1 person,2842
Parbat,Dhawalagiri,Hill,Western,2068/69,2011/12,2 persons,5177
Parbat,Dhawalagiri,Hill,Western,2068/69,2011/12,3 persons,6631
Parbat,Dhawalagiri,Hill,Western,2068/69,2011/12,4 persons,7569
Parbat,Dhawalagiri,Hill,Western,2068/69,2011/12,5 persons,5980
Parbat,Dhawalagiri,Hill,Western,2068/69,2011/12,6 persons,3884
Parbat,Dhawalagiri,Hill,Western,2068/69,2011/12,7 persons,1768
Parbat,Dhawalagiri,Hill,Western,2068/69,2011/12,8 persons,930
Parbat,Dhawalagiri,Hill,Western,2068/69,2011/12,9 persons and more,938
Parsa,Narayani,Terai,Central,2068/69,2011/12,1 person,2376
Parsa,Narayani,Terai,Central,2068/69,2011/12,2 persons,5712
Parsa,Narayani,Terai,Central,2068/69,2011/12,3 persons,6927
Parsa,Narayani,Terai,Central,2068/69,2011/12,4 persons,13606
Parsa,Narayani,Terai,Central,2068/69,2011/12,5 persons,17241
Parsa,Narayani,Terai,Central,2068/69,2011/12,6 persons,16152
Parsa,Narayani,Terai,Central,2068/69,2011/12,7 persons,9740
Parsa,Narayani,Terai,Central,2068/69,2011/12,8 persons,6685
Parsa,Narayani,Terai,Central,2068/69,2011/12,9 persons and more,17097
Pyuthan,Rapti,Hill,Mid-Western,2068/69,2011/12,1 person,2232
Pyuthan,Rapti,Hill,Mid-Western,2068/69,2011/12,2 persons,4811
Pyuthan,Rapti,Hill,Mid-Western,2068/69,2011/12,3 persons,7342
Pyuthan,Rapti,Hill,Mid-Western,2068/69,2011/12,4 persons,9226
Pyuthan,Rapti,Hill,Mid-Western,2068/69,2011/12,5 persons,8701
Pyuthan,Rapti,Hill,Mid-Western,2068/69,2011/12,6 persons,6777
Pyuthan,Rapti,Hill,Mid-Western,2068/69,2011/12,7 persons,3728
Pyuthan,Rapti,Hill,Mid-Western,2068/69,2011/12,8 persons,2168
Pyuthan,Rapti,Hill,Mid-Western,2068/69,2011/12,9 persons and more,2745
Ramechhap,Janakpur,Hill,Central,2068/69,2011/12,1 person,3105
Ramechhap,Janakpur,Hill,Central,2068/69,2011/12,2 persons,5384
Ramechhap,Janakpur,Hill,Central,2068/69,2011/12,3 persons,5851
Ramechhap,Janakpur,Hill,Central,2068/69,2011/12,4 persons,7864
Ramechhap,Janakpur,Hill,Central,2068/69,2011/12,5 persons,7635
Ramechhap,Janakpur,Hill,Central,2068/69,2011/12,6 persons,6576
Ramechhap,Janakpur,Hill,Central,2068/69,2011/12,7 persons,3427
Ramechhap,Janakpur,Hill,Central,2068/69,2011/12,8 persons,1963
Ramechhap,Janakpur,Hill,Central,2068/69,2011/12,9 persons and more,2105
Rasuwa,Bagmati,Mountain,Central,2068/69,2011/12,1 person,799
Rasuwa,Bagmati,Mountain,Central,2068/69,2011/12,2 persons,1358
Rasuwa,Bagmati,Mountain,Central,2068/69,2011/12,3 persons,1460
Rasuwa,Bagmati,Mountain,Central,2068/69,2011/12,4 persons,1741
Rasuwa,Bagmati,Mountain,Central,2068/69,2011/12,5 persons,1732
Rasuwa,Bagmati,Mountain,Central,2068/69,2011/12,6 persons,1335
Rasuwa,Bagmati,Mountain,Central,2068/69,2011/12,7 persons,617
Rasuwa,Bagmati,Mountain,Central,2068/69,2011/12,8 persons,363
Rasuwa,Bagmati,Mountain,Central,2068/69,2011/12,9 persons and more,373
Rautahat,Narayani,Terai,Central,2068/69,2011/12,1 person,2013
Rautahat,Narayani,Terai,Central,2068/69,2011/12,2 persons,5842
Rautahat,Narayani,Terai,Central,2068/69,2011/12,3 persons,7050
Rautahat,Narayani,Terai,Central,2068/69,2011/12,4 persons,12843
Rautahat,Narayani,Terai,Central,2068/69,2011/12,5 persons,18709
Rautahat,Narayani,Terai,Central,2068/69,2011/12,6 persons,19079
Rautahat,Narayani,Terai,Central,2068/69,2011/12,7 persons,12615
Rautahat,Narayani,Terai,Central,2068/69,2011/12,8 persons,8625
Rautahat,Narayani,Terai,Central,2068/69,2011/12,9 persons and more,19892
Rolpa,Rapti,Hill,Mid-Western,2068/69,2011/12,1 person,1862
Rolpa,Rapti,Hill,Mid-Western,2068/69,2011/12,2 persons,3823
Rolpa,Rapti,Hill,Mid-Western,2068/69,2011/12,3 persons,5659
Rolpa,Rapti,Hill,Mid-Western,2068/69,2011/12,4 persons,7487
Rolpa,Rapti,Hill,Mid-Western,2068/69,2011/12,5 persons,7964
Rolpa,Rapti,Hill,Mid-Western,2068/69,2011/12,6 persons,7048
Rolpa,Rapti,Hill,Mid-Western,2068/69,2011/12,7 persons,4173
Rolpa,Rapti,Hill,Mid-Western,2068/69,2011/12,8 persons,2471
Rolpa,Rapti,Hill,Mid-Western,2068/69,2011/12,9 persons and more,3270
Rukum,Rapti,Hill,Mid-Western,2068/69,2011/12,1 person,1446
Rukum,Rapti,Hill,Mid-Western,2068/69,2011/12,2 persons,3682
Rukum,Rapti,Hill,Mid-Western,2068/69,2011/12,3 persons,5222
Rukum,Rapti,Hill,Mid-Western,2068/69,2011/12,4 persons,7598
Rukum,Rapti,Hill,Mid-Western,2068/69,2011/12,5 persons,8353
Rukum,Rapti,Hill,Mid-Western,2068/69,2011/12,6 persons,7374
Rukum,Rapti,Hill,Mid-Western,2068/69,2011/12,7 persons,3684
Rukum,Rapti,Hill,Mid-Western,2068/69,2011/12,8 persons,2181
Rukum,Rapti,Hill,Mid-Western,2068/69,2011/12,9 persons and more,2316
Rupandehi,Lumbini,Terai,Western,2068/69,2011/12,1 person,5919
Rupandehi,Lumbini,Terai,Western,2068/69,2011/12,2 persons,15035
Rupandehi,Lumbini,Terai,Western,2068/69,2011/12,3 persons,23809
Rupandehi,Lumbini,Terai,Western,2068/69,2011/12,4 persons,31529
Rupandehi,Lumbini,Terai,Western,2068/69,2011/12,5 persons,27480
Rupandehi,Lumbini,Terai,Western,2068/69,2011/12,6 persons,20695
Rupandehi,Lumbini,Terai,Western,2068/69,2011/12,7 persons,11855
Rupandehi,Lumbini,Terai,Western,2068/69,2011/12,8 persons,8103
Rupandehi,Lumbini,Terai,Western,2068/69,2011/12,9 persons and more,19491
Salyan,Rapti,Hill,Mid-Western,2068/69,2011/12,1 person,1691
Salyan,Rapti,Hill,Mid-Western,2068/69,2011/12,2 persons,3380
Salyan,Rapti,Hill,Mid-Western,2068/69,2011/12,3 persons,5243
Salyan,Rapti,Hill,Mid-Western,2068/69,2011/12,4 persons,8347
Salyan,Rapti,Hill,Mid-Western,2068/69,2011/12,5 persons,9273
Salyan,Rapti,Hill,Mid-Western,2068/69,2011/12,6 persons,8088
Salyan,Rapti,Hill,Mid-Western,2068/69,2011/12,7 persons,4296
Salyan,Rapti,Hill,Mid-Western,2068/69,2011/12,8 persons,2679
Salyan,Rapti,Hill,Mid-Western,2068/69,2011/12,9 persons and more,3559
Sankhuwasabha,Kosi,Mountain,Eastern,2068/69,2011/12,1 person,2106
Sankhuwasabha,Kosi,Mountain,Eastern,2068/69,2011/12,2 persons,3954
Sankhuwasabha,Kosi,Mountain,Eastern,2068/69,2011/12,3 persons,5124
Sankhuwasabha,Kosi,Mountain,Eastern,2068/69,2011/12,4 persons,6556
Sankhuwasabha,Kosi,Mountain,Eastern,2068/69,2011/12,5 persons,6149
Sankhuwasabha,Kosi,Mountain,Eastern,2068/69,2011/12,6 persons,5043
Sankhuwasabha,Kosi,Mountain,Eastern,2068/69,2011/12,7 persons,2677
Sankhuwasabha,Kosi,Mountain,Eastern,2068/69,2011/12,8 persons,1533
Sankhuwasabha,Kosi,Mountain,Eastern,2068/69,2011/12,9 persons and more,1482
Saptari,Sagarmatha,Terai,Eastern,2068/69,2011/12,1 person,3529
Saptari,Sagarmatha,Terai,Eastern,2068/69,2011/12,2 persons,10022
Saptari,Sagarmatha,Terai,Eastern,2068/69,2011/12,3 persons,12861
Saptari,Sagarmatha,Terai,Eastern,2068/69,2011/12,4 persons,22950
Saptari,Sagarmatha,Terai,Eastern,2068/69,2011/12,5 persons,24742
Saptari,Sagarmatha,Terai,Eastern,2068/69,2011/12,6 persons,19683
Saptari,Sagarmatha,Terai,Eastern,2068/69,2011/12,7 persons,9994
Saptari,Sagarmatha,Terai,Eastern,2068/69,2011/12,8 persons,6142
Saptari,Sagarmatha,Terai,Eastern,2068/69,2011/12,9 persons and more,11175
Sarlahi,Janakpur,Terai,Central,2068/69,2011/12,1 person,3187
Sarlahi,Janakpur,Terai,Central,2068/69,2011/12,2 persons,8825
Sarlahi,Janakpur,Terai,Central,2068/69,2011/12,3 persons,11174
Sarlahi,Janakpur,Terai,Central,2068/69,2011/12,4 persons,19761
Sarlahi,Janakpur,Terai,Central,2068/69,2011/12,5 persons,26194
Sarlahi,Janakpur,Terai,Central,2068/69,2011/12,6 persons,23562
Sarlahi,Janakpur,Terai,Central,2068/69,2011/12,7 persons,14115
Sarlahi,Janakpur,Terai,Central,2068/69,2011/12,8 persons,8837
Sarlahi,Janakpur,Terai,Central,2068/69,2011/12,9 persons and more,17189
Sindhuli,Janakpur,Hill,Central,2068/69,2011/12,1 person,2289
Sindhuli,Janakpur,Hill,Central,2068/69,2011/12,2 persons,5440
Sindhuli,Janakpur,Hill,Central,2068/69,2011/12,3 persons,6965
Sindhuli,Janakpur,Hill,Central,2068/69,2011/12,4 persons,9791
Sindhuli,Janakpur,Hill,Central,2068/69,2011/12,5 persons,10473
Sindhuli,Janakpur,Hill,Central,2068/69,2011/12,6 persons,9123
Sindhuli,Janakpur,Hill,Central,2068/69,2011/12,7 persons,5463
Sindhuli,Janakpur,Hill,Central,2068/69,2011/12,8 persons,3513
Sindhuli,Janakpur,Hill,Central,2068/69,2011/12,9 persons and more,4524
Sindhupalchok,Bagmati,Mountain,Central,2068/69,2011/12,1 person,5096
Sindhupalchok,Bagmati,Mountain,Central,2068/69,2011/12,2 persons,9229
Sindhupalchok,Bagmati,Mountain,Central,2068/69,2011/12,3 persons,10238
Sindhupalchok,Bagmati,Mountain,Central,2068/69,2011/12,4 persons,13061
Sindhupalchok,Bagmati,Mountain,Central,2068/69,2011/12,5 persons,11808
Sindhupalchok,Bagmati,Mountain,Central,2068/69,2011/12,6 persons,8757
Sindhupalchok,Bagmati,Mountain,Central,2068/69,2011/12,7 persons,4228
Sindhupalchok,Bagmati,Mountain,Central,2068/69,2011/12,8 persons,2127
Sindhupalchok,Bagmati,Mountain,Central,2068/69,2011/12,9 persons and more,2144
Siraha,Sagarmatha,Terai,Eastern,2068/69,2011/12,1 person,3058
Siraha,Sagarmatha,Terai,Eastern,2068/69,2011/12,2 persons,8538
Siraha,Sagarmatha,Terai,Eastern,2068/69,2011/12,3 persons,12909
Siraha,Sagarmatha,Terai,Eastern,2068/69,2011/12,4 persons,21189
Siraha,Sagarmatha,Terai,Eastern,2068/69,2011/12,5 persons,24090
Siraha,Sagarmatha,Terai,Eastern,2068/69,2011/12,6 persons,19468
Siraha,Sagarmatha,Terai,Eastern,2068/69,2011/12,7 persons,10471
Siraha,Sagarmatha,Terai,Eastern,2068/69,2011/12,8 persons,6415
Siraha,Sagarmatha,Terai,Eastern,2068/69,2011/12,9 persons and more,11824
Solukhumbu,Sagarmatha,Mountain,Eastern,2068/69,2011/12,1 person,1685
Solukhumbu,Sagarmatha,Mountain,Eastern,2068/69,2011/12,2 persons,2777
Solukhumbu,Sagarmatha,Mountain,Eastern,2068/69,2011/12,3 persons,3618
Solukhumbu,Sagarmatha,Mountain,Eastern,2068/69,2011/12,4 persons,4627
Solukhumbu,Sagarmatha,Mountain,Eastern,2068/69,2011/12,5 persons,4186
Solukhumbu,Sagarmatha,Mountain,Eastern,2068/69,2011/12,6 persons,3472
Solukhumbu,Sagarmatha,Mountain,Eastern,2068/69,2011/12,7 persons,1715
Solukhumbu,Sagarmatha,Mountain,Eastern,2068/69,2011/12,8 persons,962
Solukhumbu,Sagarmatha,Mountain,Eastern,2068/69,2011/12,9 persons and more,743
Sunsari,Kosi,Terai,Eastern,2068/69,2011/12,1 person,6698
Sunsari,Kosi,Terai,Eastern,2068/69,2011/12,2 persons,16712
Sunsari,Kosi,Terai,Eastern,2068/69,2011/12,3 persons,26817
Sunsari,Kosi,Terai,Eastern,2068/69,2011/12,4 persons,36146
Sunsari,Kosi,Terai,Eastern,2068/69,2011/12,5 persons,30631
Sunsari,Kosi,Terai,Eastern,2068/69,2011/12,6 persons,20652
Sunsari,Kosi,Terai,Eastern,2068/69,2011/12,7 persons,10221
Sunsari,Kosi,Terai,Eastern,2068/69,2011/12,8 persons,5779
Sunsari,Kosi,Terai,Eastern,2068/69,2011/12,9 persons and more,8751
Surkhet,Bheri,Hill,Mid-Western,2068/69,2011/12,1 person,2720
Surkhet,Bheri,Hill,Mid-Western,2068/69,2011/12,2 persons,7050
Surkhet,Bheri,Hill,Mid-Western,2068/69,2011/12,3 persons,10859
Surkhet,Bheri,Hill,Mid-Western,2068/69,2011/12,4 persons,15598
Surkhet,Bheri,Hill,Mid-Western,2068/69,2011/12,5 persons,14189
Surkhet,Bheri,Hill,Mid-Western,2068/69,2011/12,6 persons,10541
Surkhet,Bheri,Hill,Mid-Western,2068/69,2011/12,7 persons,5430
Surkhet,Bheri,Hill,Mid-Western,2068/69,2011/12,8 persons,2941
Surkhet,Bheri,Hill,Mid-Western,2068/69,2011/12,9 persons and more,3535
Syangja,Gandaki,Hill,Western,2068/69,2011/12,1 person,4917
Syangja,Gandaki,Hill,Western,2068/69,2011/12,2 persons,9692
Syangja,Gandaki,Hill,Western,2068/69,2011/12,3 persons,12911
Syangja,Gandaki,Hill,Western,2068/69,2011/12,4 persons,14280
Syangja,Gandaki,Hill,Western,2068/69,2011/12,5 persons,11559
Syangja,Gandaki,Hill,Western,2068/69,2011/12,6 persons,7725
Syangja,Gandaki,Hill,Western,2068/69,2011/12,7 persons,3554
Syangja,Gandaki,Hill,Western,2068/69,2011/12,8 persons,1922
Syangja,Gandaki,Hill,Western,2068/69,2011/12,9 persons and more,2321
Tanahu,Gandaki,Hill,Western,2068/69,2011/12,1 person,5229
Tanahu,Gandaki,Hill,Western,2068/69,2011/12,2 persons,12196
Tanahu,Gandaki,Hill,Western,2068/69,2011/12,3 persons,16011
Tanahu,Gandaki,Hill,Western,2068/69,2011/12,4 persons,16453
Tanahu,Gandaki,Hill,Western,2068/69,2011/12,5 persons,12187
Tanahu,Gandaki,Hill,Western,2068/69,2011/12,6 persons,7895
Tanahu,Gandaki,Hill,Western,2068/69,2011/12,7 persons,3740
Tanahu,Gandaki,Hill,Western,2068/69,2011/12,8 persons,2067
Tanahu,Gandaki,Hill,Western,2068/69,2011/12,9 persons and more,2531
Taplejung,Mechi,Mountain,Eastern,2068/69,2011/12,1 person,1419
Taplejung,Mechi,Mountain,Eastern,2068/69,2011/12,2 persons,2771
Taplejung,Mechi,Mountain,Eastern,2068/69,2011/12,3 persons,3793
Taplejung,Mechi,Mountain,Eastern,2068/69,2011/12,4 persons,4747
Taplejung,Mechi,Mountain,Eastern,2068/69,2011/12,5 persons,4649
Taplejung,Mechi,Mountain,Eastern,2068/69,2011/12,6 persons,3804
Taplejung,Mechi,Mountain,Eastern,2068/69,2011/12,7 persons,2381
Taplejung,Mechi,Mountain,Eastern,2068/69,2011/12,8 persons,1392
Taplejung,Mechi,Mountain,Eastern,2068/69,2011/12,9 persons and more,1553
Terhathum,Kosi,Hill,Eastern,2068/69,2011/12,1 person,1065
Terhathum,Kosi,Hill,Eastern,2068/69,2011/12,2 persons,2421
Terhathum,Kosi,Hill,Eastern,2068/69,2011/12,3 persons,3467
Terhathum,Kosi,Hill,Eastern,2068/69,2011/12,4 persons,4560
Terhathum,Kosi,Hill,Eastern,2068/69,2011/12,5 persons,4060
Terhathum,Kosi,Hill,Eastern,2068/69,2011/12,6 persons,3083
Terhathum,Kosi,Hill,Eastern,2068/69,2011/12,7 persons,1671
Terhathum,Kosi,Hill,Eastern,2068/69,2011/12,8 persons,888
Terhathum,Kosi,Hill,Eastern,2068/69,2011/12,9 persons and more,879
Udayapur,Sagarmatha,Hill,Eastern,2068/69,2011/12,1 person,2638
Udayapur,Sagarmatha,Hill,Eastern,2068/69,2011/12,2 persons,6649
Udayapur,Sagarmatha,Hill,Eastern,2068/69,2011/12,3 persons,10258
Udayapur,Sagarmatha,Hill,Eastern,2068/69,2011/12,4 persons,13328
Udayapur,Sagarmatha,Hill,Eastern,2068/69,2011/12,5 persons,12292
Udayapur,Sagarmatha,Hill,Eastern,2068/69,2011/12,6 persons,9475
Udayapur,Sagarmatha,Hill,Eastern,2068/69,2011/12,7 persons,5362
Udayapur,Sagarmatha,Hill,Eastern,2068/69,2011/12,8 persons,3080
Udayapur,Sagarmatha,Hill,Eastern,2068/69,2011/12,9 persons and more,3475
