District,Zone,Ecological Belt,Development Region,Year (BS),Year (AD),Gender,Age-group,Value
Achham,Seti,Hill,Far-Western,2068/69,2011/12,  Male,10-14,116
Achham,Seti,Hill,Far-Western,2068/69,2011/12,  Male,15-19,750
Achham,Seti,Hill,Far-Western,2068/69,2011/12,  Male,20-29,5643
Achham,Seti,Hill,Far-Western,2068/69,2011/12,  Male,30-39,7856
Achham,Seti,Hill,Far-Western,2068/69,2011/12,  Male,40-49,7096
Achham,Seti,Hill,Far-Western,2068/69,2011/12,  Male,50-59,5650
Achham,Seti,Hill,Far-Western,2068/69,2011/12,  Male,60-69,4495
Achham,Seti,Hill,Far-Western,2068/69,2011/12,  Male,70 years & above,2490
Achham,Seti,Hill,Far-Western,2068/69,2011/12,  Female,10-14,39
Achham,Seti,Hill,Far-Western,2068/69,2011/12,  Female,15-19,231
Achham,Seti,Hill,Far-Western,2068/69,2011/12,  Female,20-29,2763
Achham,Seti,Hill,Far-Western,2068/69,2011/12,  Female,30-39,3708
Achham,Seti,Hill,Far-Western,2068/69,2011/12,  Female,40-49,2707
Achham,Seti,Hill,Far-Western,2068/69,2011/12,  Female,50-59,1517
Achham,Seti,Hill,Far-Western,2068/69,2011/12,  Female,60-69,2105
Achham,Seti,Hill,Far-Western,2068/69,2011/12,  Female,70 years & above,1185
Arghakhanchi,Lumbini,Hill,Western,2068/69,2011/12,  Male,10-14,19
Arghakhanchi,Lumbini,Hill,Western,2068/69,2011/12,  Male,15-19,170
Arghakhanchi,Lumbini,Hill,Western,2068/69,2011/12,  Male,20-29,1892
Arghakhanchi,Lumbini,Hill,Western,2068/69,2011/12,  Male,30-39,4098
Arghakhanchi,Lumbini,Hill,Western,2068/69,2011/12,  Male,40-49,5727
Arghakhanchi,Lumbini,Hill,Western,2068/69,2011/12,  Male,50-59,6325
Arghakhanchi,Lumbini,Hill,Western,2068/69,2011/12,  Male,60-69,5078
Arghakhanchi,Lumbini,Hill,Western,2068/69,2011/12,  Male,70 years & above,3613
Arghakhanchi,Lumbini,Hill,Western,2068/69,2011/12,  Female,10-14,15
Arghakhanchi,Lumbini,Hill,Western,2068/69,2011/12,  Female,15-19,308
Arghakhanchi,Lumbini,Hill,Western,2068/69,2011/12,  Female,20-29,4679
Arghakhanchi,Lumbini,Hill,Western,2068/69,2011/12,  Female,30-39,5798
Arghakhanchi,Lumbini,Hill,Western,2068/69,2011/12,  Female,40-49,3818
Arghakhanchi,Lumbini,Hill,Western,2068/69,2011/12,  Female,50-59,2275
Arghakhanchi,Lumbini,Hill,Western,2068/69,2011/12,  Female,60-69,1980
Arghakhanchi,Lumbini,Hill,Western,2068/69,2011/12,  Female,70 years & above,1040
Baglung,Dhawalagiri,Hill,Western,2068/69,2011/12,  Male,10-14,36
Baglung,Dhawalagiri,Hill,Western,2068/69,2011/12,  Male,15-19,283
Baglung,Dhawalagiri,Hill,Western,2068/69,2011/12,  Male,20-29,2860
Baglung,Dhawalagiri,Hill,Western,2068/69,2011/12,  Male,30-39,5821
Baglung,Dhawalagiri,Hill,Western,2068/69,2011/12,  Male,40-49,7514
Baglung,Dhawalagiri,Hill,Western,2068/69,2011/12,  Male,50-59,8515
Baglung,Dhawalagiri,Hill,Western,2068/69,2011/12,  Male,60-69,6643
Baglung,Dhawalagiri,Hill,Western,2068/69,2011/12,  Male,70 years & above,4065
Baglung,Dhawalagiri,Hill,Western,2068/69,2011/12,  Female,10-14,20
Baglung,Dhawalagiri,Hill,Western,2068/69,2011/12,  Female,15-19,441
Baglung,Dhawalagiri,Hill,Western,2068/69,2011/12,  Female,20-29,6101
Baglung,Dhawalagiri,Hill,Western,2068/69,2011/12,  Female,30-39,7587
Baglung,Dhawalagiri,Hill,Western,2068/69,2011/12,  Female,40-49,4725
Baglung,Dhawalagiri,Hill,Western,2068/69,2011/12,  Female,50-59,3049
Baglung,Dhawalagiri,Hill,Western,2068/69,2011/12,  Female,60-69,2476
Baglung,Dhawalagiri,Hill,Western,2068/69,2011/12,  Female,70 years & above,1386
Baitadi,Mahakali,Hill,Far-Western,2068/69,2011/12,  Male,10-14,45
Baitadi,Mahakali,Hill,Far-Western,2068/69,2011/12,  Male,15-19,344
Baitadi,Mahakali,Hill,Far-Western,2068/69,2011/12,  Male,20-29,3784
Baitadi,Mahakali,Hill,Far-Western,2068/69,2011/12,  Male,30-39,7907
Baitadi,Mahakali,Hill,Far-Western,2068/69,2011/12,  Male,40-49,8543
Baitadi,Mahakali,Hill,Far-Western,2068/69,2011/12,  Male,50-59,7338
Baitadi,Mahakali,Hill,Far-Western,2068/69,2011/12,  Male,60-69,5095
Baitadi,Mahakali,Hill,Far-Western,2068/69,2011/12,  Male,70 years & above,2660
Baitadi,Mahakali,Hill,Far-Western,2068/69,2011/12,  Female,10-14,4
Baitadi,Mahakali,Hill,Far-Western,2068/69,2011/12,  Female,15-19,100
Baitadi,Mahakali,Hill,Far-Western,2068/69,2011/12,  Female,20-29,1946
Baitadi,Mahakali,Hill,Far-Western,2068/69,2011/12,  Female,30-39,2578
Baitadi,Mahakali,Hill,Far-Western,2068/69,2011/12,  Female,40-49,1696
Baitadi,Mahakali,Hill,Far-Western,2068/69,2011/12,  Female,50-59,1183
Baitadi,Mahakali,Hill,Far-Western,2068/69,2011/12,  Female,60-69,1326
Baitadi,Mahakali,Hill,Far-Western,2068/69,2011/12,  Female,70 years & above,642
Bajhang,Seti,Mountain,Far-Western,2068/69,2011/12,  Male,10-14,78
Bajhang,Seti,Mountain,Far-Western,2068/69,2011/12,  Male,15-19,478
Bajhang,Seti,Mountain,Far-Western,2068/69,2011/12,  Male,20-29,3788
Bajhang,Seti,Mountain,Far-Western,2068/69,2011/12,  Male,30-39,5979
Bajhang,Seti,Mountain,Far-Western,2068/69,2011/12,  Male,40-49,5774
Bajhang,Seti,Mountain,Far-Western,2068/69,2011/12,  Male,50-59,4595
Bajhang,Seti,Mountain,Far-Western,2068/69,2011/12,  Male,60-69,3200
Bajhang,Seti,Mountain,Far-Western,2068/69,2011/12,  Male,70 years & above,1449
Bajhang,Seti,Mountain,Far-Western,2068/69,2011/12,  Female,10-14,18
Bajhang,Seti,Mountain,Far-Western,2068/69,2011/12,  Female,15-19,113
Bajhang,Seti,Mountain,Far-Western,2068/69,2011/12,  Female,20-29,1406
Bajhang,Seti,Mountain,Far-Western,2068/69,2011/12,  Female,30-39,2201
Bajhang,Seti,Mountain,Far-Western,2068/69,2011/12,  Female,40-49,1743
Bajhang,Seti,Mountain,Far-Western,2068/69,2011/12,  Female,50-59,1086
Bajhang,Seti,Mountain,Far-Western,2068/69,2011/12,  Female,60-69,1335
Bajhang,Seti,Mountain,Far-Western,2068/69,2011/12,  Female,70 years & above,543
Bajura,Seti,Mountain,Far-Western,2068/69,2011/12,  Male,10-14,57
Bajura,Seti,Mountain,Far-Western,2068/69,2011/12,  Male,15-19,311
Bajura,Seti,Mountain,Far-Western,2068/69,2011/12,  Male,20-29,2952
Bajura,Seti,Mountain,Far-Western,2068/69,2011/12,  Male,30-39,4831
Bajura,Seti,Mountain,Far-Western,2068/69,2011/12,  Male,40-49,4539
Bajura,Seti,Mountain,Far-Western,2068/69,2011/12,  Male,50-59,3558
Bajura,Seti,Mountain,Far-Western,2068/69,2011/12,  Male,60-69,2401
Bajura,Seti,Mountain,Far-Western,2068/69,2011/12,  Male,70 years & above,1024
Bajura,Seti,Mountain,Far-Western,2068/69,2011/12,  Female,10-14,21
Bajura,Seti,Mountain,Far-Western,2068/69,2011/12,  Female,15-19,99
Bajura,Seti,Mountain,Far-Western,2068/69,2011/12,  Female,20-29,931
Bajura,Seti,Mountain,Far-Western,2068/69,2011/12,  Female,30-39,1320
Bajura,Seti,Mountain,Far-Western,2068/69,2011/12,  Female,40-49,1033
Bajura,Seti,Mountain,Far-Western,2068/69,2011/12,  Female,50-59,658
Bajura,Seti,Mountain,Far-Western,2068/69,2011/12,  Female,60-69,773
Bajura,Seti,Mountain,Far-Western,2068/69,2011/12,  Female,70 years & above,400
Banke,Bheri,Terai,Mid-Western,2068/69,2011/12,  Male,10-14,95
Banke,Bheri,Terai,Mid-Western,2068/69,2011/12,  Male,15-19,881
Banke,Bheri,Terai,Mid-Western,2068/69,2011/12,  Male,20-29,9946
Banke,Bheri,Terai,Mid-Western,2068/69,2011/12,  Male,30-39,18614
Banke,Bheri,Terai,Mid-Western,2068/69,2011/12,  Male,40-49,18769
Banke,Bheri,Terai,Mid-Western,2068/69,2011/12,  Male,50-59,12684
Banke,Bheri,Terai,Mid-Western,2068/69,2011/12,  Male,60-69,8552
Banke,Bheri,Terai,Mid-Western,2068/69,2011/12,  Male,70 years & above,4099
Banke,Bheri,Terai,Mid-Western,2068/69,2011/12,  Female,10-14,60
Banke,Bheri,Terai,Mid-Western,2068/69,2011/12,  Female,15-19,532
Banke,Bheri,Terai,Mid-Western,2068/69,2011/12,  Female,20-29,5848
Banke,Bheri,Terai,Mid-Western,2068/69,2011/12,  Female,30-39,6198
Banke,Bheri,Terai,Mid-Western,2068/69,2011/12,  Female,40-49,3531
Banke,Bheri,Terai,Mid-Western,2068/69,2011/12,  Female,50-59,2078
Banke,Bheri,Terai,Mid-Western,2068/69,2011/12,  Female,60-69,1949
Banke,Bheri,Terai,Mid-Western,2068/69,2011/12,  Female,70 years & above,937
Bara,Narayani,Terai,Central,2068/69,2011/12,  Male,10-14,145
Bara,Narayani,Terai,Central,2068/69,2011/12,  Male,15-19,588
Bara,Narayani,Terai,Central,2068/69,2011/12,  Male,20-29,8615
Bara,Narayani,Terai,Central,2068/69,2011/12,  Male,30-39,23424
Bara,Narayani,Terai,Central,2068/69,2011/12,  Male,40-49,27267
Bara,Narayani,Terai,Central,2068/69,2011/12,  Male,50-59,19601
Bara,Narayani,Terai,Central,2068/69,2011/12,  Male,60-69,14329
Bara,Narayani,Terai,Central,2068/69,2011/12,  Male,70 years & above,6410
Bara,Narayani,Terai,Central,2068/69,2011/12,  Female,10-14,25
Bara,Narayani,Terai,Central,2068/69,2011/12,  Female,15-19,97
Bara,Narayani,Terai,Central,2068/69,2011/12,  Female,20-29,1397
Bara,Narayani,Terai,Central,2068/69,2011/12,  Female,30-39,2180
Bara,Narayani,Terai,Central,2068/69,2011/12,  Female,40-49,1599
Bara,Narayani,Terai,Central,2068/69,2011/12,  Female,50-59,1131
Bara,Narayani,Terai,Central,2068/69,2011/12,  Female,60-69,1218
Bara,Narayani,Terai,Central,2068/69,2011/12,  Female,70 years & above,609
Bardiya,Bheri,Terai,Mid-Western,2068/69,2011/12,  Male,10-14,73
Bardiya,Bheri,Terai,Mid-Western,2068/69,2011/12,  Male,15-19,510
Bardiya,Bheri,Terai,Mid-Western,2068/69,2011/12,  Male,20-29,7976
Bardiya,Bheri,Terai,Mid-Western,2068/69,2011/12,  Male,30-39,16219
Bardiya,Bheri,Terai,Mid-Western,2068/69,2011/12,  Male,40-49,16757
Bardiya,Bheri,Terai,Mid-Western,2068/69,2011/12,  Male,50-59,10919
Bardiya,Bheri,Terai,Mid-Western,2068/69,2011/12,  Male,60-69,7159
Bardiya,Bheri,Terai,Mid-Western,2068/69,2011/12,  Male,70 years & above,2817
Bardiya,Bheri,Terai,Mid-Western,2068/69,2011/12,  Female,10-14,82
Bardiya,Bheri,Terai,Mid-Western,2068/69,2011/12,  Female,15-19,503
Bardiya,Bheri,Terai,Mid-Western,2068/69,2011/12,  Female,20-29,5704
Bardiya,Bheri,Terai,Mid-Western,2068/69,2011/12,  Female,30-39,6332
Bardiya,Bheri,Terai,Mid-Western,2068/69,2011/12,  Female,40-49,3817
Bardiya,Bheri,Terai,Mid-Western,2068/69,2011/12,  Female,50-59,2065
Bardiya,Bheri,Terai,Mid-Western,2068/69,2011/12,  Female,60-69,1653
Bardiya,Bheri,Terai,Mid-Western,2068/69,2011/12,  Female,70 years & above,590
Bhaktapur,Bagmati,Hill,Central,2068/69,2011/12,  Male,10-14,42
Bhaktapur,Bagmati,Hill,Central,2068/69,2011/12,  Male,15-19,744
Bhaktapur,Bagmati,Hill,Central,2068/69,2011/12,  Male,20-29,7808
Bhaktapur,Bagmati,Hill,Central,2068/69,2011/12,  Male,30-39,13918
Bhaktapur,Bagmati,Hill,Central,2068/69,2011/12,  Male,40-49,13770
Bhaktapur,Bagmati,Hill,Central,2068/69,2011/12,  Male,50-59,8553
Bhaktapur,Bagmati,Hill,Central,2068/69,2011/12,  Male,60-69,5211
Bhaktapur,Bagmati,Hill,Central,2068/69,2011/12,  Male,70 years & above,3359
Bhaktapur,Bagmati,Hill,Central,2068/69,2011/12,  Female,10-14,24
Bhaktapur,Bagmati,Hill,Central,2068/69,2011/12,  Female,15-19,375
Bhaktapur,Bagmati,Hill,Central,2068/69,2011/12,  Female,20-29,3788
Bhaktapur,Bagmati,Hill,Central,2068/69,2011/12,  Female,30-39,3850
Bhaktapur,Bagmati,Hill,Central,2068/69,2011/12,  Female,40-49,2437
Bhaktapur,Bagmati,Hill,Central,2068/69,2011/12,  Female,50-59,1786
Bhaktapur,Bagmati,Hill,Central,2068/69,2011/12,  Female,60-69,1738
Bhaktapur,Bagmati,Hill,Central,2068/69,2011/12,  Female,70 years & above,1233
Bhojpur,Kosi,Hill,Eastern,2068/69,2011/12,  Male,10-14,23
Bhojpur,Kosi,Hill,Eastern,2068/69,2011/12,  Male,15-19,183
Bhojpur,Kosi,Hill,Eastern,2068/69,2011/12,  Male,20-29,2345
Bhojpur,Kosi,Hill,Eastern,2068/69,2011/12,  Male,30-39,4942
Bhojpur,Kosi,Hill,Eastern,2068/69,2011/12,  Male,40-49,6992
Bhojpur,Kosi,Hill,Eastern,2068/69,2011/12,  Male,50-59,6607
Bhojpur,Kosi,Hill,Eastern,2068/69,2011/12,  Male,60-69,4504
Bhojpur,Kosi,Hill,Eastern,2068/69,2011/12,  Male,70 years & above,3027
Bhojpur,Kosi,Hill,Eastern,2068/69,2011/12,  Female,10-14,26
Bhojpur,Kosi,Hill,Eastern,2068/69,2011/12,  Female,15-19,148
Bhojpur,Kosi,Hill,Eastern,2068/69,2011/12,  Female,20-29,1929
Bhojpur,Kosi,Hill,Eastern,2068/69,2011/12,  Female,30-39,2246
Bhojpur,Kosi,Hill,Eastern,2068/69,2011/12,  Female,40-49,2039
Bhojpur,Kosi,Hill,Eastern,2068/69,2011/12,  Female,50-59,1767
Bhojpur,Kosi,Hill,Eastern,2068/69,2011/12,  Female,60-69,1577
Bhojpur,Kosi,Hill,Eastern,2068/69,2011/12,  Female,70 years & above,1064
Chitawan,Narayani,Terai,Central,2068/69,2011/12,  Male,10-14,66
Chitawan,Narayani,Terai,Central,2068/69,2011/12,  Male,15-19,965
Chitawan,Narayani,Terai,Central,2068/69,2011/12,  Male,20-29,9682
Chitawan,Narayani,Terai,Central,2068/69,2011/12,  Male,30-39,19424
Chitawan,Narayani,Terai,Central,2068/69,2011/12,  Male,40-49,22457
Chitawan,Narayani,Terai,Central,2068/69,2011/12,  Male,50-59,17774
Chitawan,Narayani,Terai,Central,2068/69,2011/12,  Male,60-69,10965
Chitawan,Narayani,Terai,Central,2068/69,2011/12,  Male,70 years & above,6491
Chitawan,Narayani,Terai,Central,2068/69,2011/12,  Female,10-14,43
Chitawan,Narayani,Terai,Central,2068/69,2011/12,  Female,15-19,778
Chitawan,Narayani,Terai,Central,2068/69,2011/12,  Female,20-29,10671
Chitawan,Narayani,Terai,Central,2068/69,2011/12,  Female,30-39,14665
Chitawan,Narayani,Terai,Central,2068/69,2011/12,  Female,40-49,8691
Chitawan,Narayani,Terai,Central,2068/69,2011/12,  Female,50-59,4665
Chitawan,Narayani,Terai,Central,2068/69,2011/12,  Female,60-69,3315
Chitawan,Narayani,Terai,Central,2068/69,2011/12,  Female,70 years & above,1810
Dadeldhura,Mahakali,Hill,Far-Western,2068/69,2011/12,  Male,10-14,24
Dadeldhura,Mahakali,Hill,Far-Western,2068/69,2011/12,  Male,15-19,183
Dadeldhura,Mahakali,Hill,Far-Western,2068/69,2011/12,  Male,20-29,2422
Dadeldhura,Mahakali,Hill,Far-Western,2068/69,2011/12,  Male,30-39,4701
Dadeldhura,Mahakali,Hill,Far-Western,2068/69,2011/12,  Male,40-49,4627
Dadeldhura,Mahakali,Hill,Far-Western,2068/69,2011/12,  Male,50-59,3601
Dadeldhura,Mahakali,Hill,Far-Western,2068/69,2011/12,  Male,60-69,2531
Dadeldhura,Mahakali,Hill,Far-Western,2068/69,2011/12,  Male,70 years & above,1132
Dadeldhura,Mahakali,Hill,Far-Western,2068/69,2011/12,  Female,10-14,21
Dadeldhura,Mahakali,Hill,Far-Western,2068/69,2011/12,  Female,15-19,112
Dadeldhura,Mahakali,Hill,Far-Western,2068/69,2011/12,  Female,20-29,1801
Dadeldhura,Mahakali,Hill,Far-Western,2068/69,2011/12,  Female,30-39,2226
Dadeldhura,Mahakali,Hill,Far-Western,2068/69,2011/12,  Female,40-49,1401
Dadeldhura,Mahakali,Hill,Far-Western,2068/69,2011/12,  Female,50-59,858
Dadeldhura,Mahakali,Hill,Far-Western,2068/69,2011/12,  Female,60-69,935
Dadeldhura,Mahakali,Hill,Far-Western,2068/69,2011/12,  Female,70 years & above,470
Dailekh,Bheri,Hill,Mid-Western,2068/69,2011/12,  Male,10-14,30
Dailekh,Bheri,Hill,Mid-Western,2068/69,2011/12,  Male,15-19,288
Dailekh,Bheri,Hill,Mid-Western,2068/69,2011/12,  Male,20-29,5316
Dailekh,Bheri,Hill,Mid-Western,2068/69,2011/12,  Male,30-39,8746
Dailekh,Bheri,Hill,Mid-Western,2068/69,2011/12,  Male,40-49,8585
Dailekh,Bheri,Hill,Mid-Western,2068/69,2011/12,  Male,50-59,6995
Dailekh,Bheri,Hill,Mid-Western,2068/69,2011/12,  Male,60-69,4801
Dailekh,Bheri,Hill,Mid-Western,2068/69,2011/12,  Male,70 years & above,1855
Dailekh,Bheri,Hill,Mid-Western,2068/69,2011/12,  Female,10-14,11
Dailekh,Bheri,Hill,Mid-Western,2068/69,2011/12,  Female,15-19,199
Dailekh,Bheri,Hill,Mid-Western,2068/69,2011/12,  Female,20-29,2917
Dailekh,Bheri,Hill,Mid-Western,2068/69,2011/12,  Female,30-39,3075
Dailekh,Bheri,Hill,Mid-Western,2068/69,2011/12,  Female,40-49,2217
Dailekh,Bheri,Hill,Mid-Western,2068/69,2011/12,  Female,50-59,1516
Dailekh,Bheri,Hill,Mid-Western,2068/69,2011/12,  Female,60-69,1745
Dailekh,Bheri,Hill,Mid-Western,2068/69,2011/12,  Female,70 years & above,623
Dang,Rapti,Terai,Mid-Western,2068/69,2011/12,  Male,10-14,150
Dang,Rapti,Terai,Mid-Western,2068/69,2011/12,  Male,15-19,1135
Dang,Rapti,Terai,Mid-Western,2068/69,2011/12,  Male,20-29,11000
Dang,Rapti,Terai,Mid-Western,2068/69,2011/12,  Male,30-39,20799
Dang,Rapti,Terai,Mid-Western,2068/69,2011/12,  Male,40-49,20791
Dang,Rapti,Terai,Mid-Western,2068/69,2011/12,  Male,50-59,15724
Dang,Rapti,Terai,Mid-Western,2068/69,2011/12,  Male,60-69,9938
Dang,Rapti,Terai,Mid-Western,2068/69,2011/12,  Male,70 years & above,3918
Dang,Rapti,Terai,Mid-Western,2068/69,2011/12,  Female,10-14,111
Dang,Rapti,Terai,Mid-Western,2068/69,2011/12,  Female,15-19,1041
Dang,Rapti,Terai,Mid-Western,2068/69,2011/12,  Female,20-29,9910
Dang,Rapti,Terai,Mid-Western,2068/69,2011/12,  Female,30-39,10227
Dang,Rapti,Terai,Mid-Western,2068/69,2011/12,  Female,40-49,5265
Dang,Rapti,Terai,Mid-Western,2068/69,2011/12,  Female,50-59,2959
Dang,Rapti,Terai,Mid-Western,2068/69,2011/12,  Female,60-69,2433
Dang,Rapti,Terai,Mid-Western,2068/69,2011/12,  Female,70 years & above,1014
Darchula,Mahakali,Mountain,Far-Western,2068/69,2011/12,  Male,10-14,31
Darchula,Mahakali,Mountain,Far-Western,2068/69,2011/12,  Male,15-19,208
Darchula,Mahakali,Mountain,Far-Western,2068/69,2011/12,  Male,20-29,1920
Darchula,Mahakali,Mountain,Far-Western,2068/69,2011/12,  Male,30-39,4353
Darchula,Mahakali,Mountain,Far-Western,2068/69,2011/12,  Male,40-49,5005
Darchula,Mahakali,Mountain,Far-Western,2068/69,2011/12,  Male,50-59,4289
Darchula,Mahakali,Mountain,Far-Western,2068/69,2011/12,  Male,60-69,2847
Darchula,Mahakali,Mountain,Far-Western,2068/69,2011/12,  Male,70 years & above,1412
Darchula,Mahakali,Mountain,Far-Western,2068/69,2011/12,  Female,10-14,16
Darchula,Mahakali,Mountain,Far-Western,2068/69,2011/12,  Female,15-19,101
Darchula,Mahakali,Mountain,Far-Western,2068/69,2011/12,  Female,20-29,1041
Darchula,Mahakali,Mountain,Far-Western,2068/69,2011/12,  Female,30-39,1174
Darchula,Mahakali,Mountain,Far-Western,2068/69,2011/12,  Female,40-49,756
Darchula,Mahakali,Mountain,Far-Western,2068/69,2011/12,  Female,50-59,580
Darchula,Mahakali,Mountain,Far-Western,2068/69,2011/12,  Female,60-69,599
Darchula,Mahakali,Mountain,Far-Western,2068/69,2011/12,  Female,70 years & above,286
Dhading,Bagmati,Hill,Central,2068/69,2011/12,  Male,10-14,32
Dhading,Bagmati,Hill,Central,2068/69,2011/12,  Male,15-19,368
Dhading,Bagmati,Hill,Central,2068/69,2011/12,  Male,20-29,5312
Dhading,Bagmati,Hill,Central,2068/69,2011/12,  Male,30-39,10129
Dhading,Bagmati,Hill,Central,2068/69,2011/12,  Male,40-49,12244
Dhading,Bagmati,Hill,Central,2068/69,2011/12,  Male,50-59,11446
Dhading,Bagmati,Hill,Central,2068/69,2011/12,  Male,60-69,8280
Dhading,Bagmati,Hill,Central,2068/69,2011/12,  Male,70 years & above,5492
Dhading,Bagmati,Hill,Central,2068/69,2011/12,  Female,10-14,36
Dhading,Bagmati,Hill,Central,2068/69,2011/12,  Female,15-19,382
Dhading,Bagmati,Hill,Central,2068/69,2011/12,  Female,20-29,4566
Dhading,Bagmati,Hill,Central,2068/69,2011/12,  Female,30-39,5251
Dhading,Bagmati,Hill,Central,2068/69,2011/12,  Female,40-49,3858
Dhading,Bagmati,Hill,Central,2068/69,2011/12,  Female,50-59,2541
Dhading,Bagmati,Hill,Central,2068/69,2011/12,  Female,60-69,2310
Dhading,Bagmati,Hill,Central,2068/69,2011/12,  Female,70 years & above,1604
Dhankuta,Kosi,Hill,Eastern,2068/69,2011/12,  Male,10-14,18
Dhankuta,Kosi,Hill,Eastern,2068/69,2011/12,  Male,15-19,284
Dhankuta,Kosi,Hill,Eastern,2068/69,2011/12,  Male,20-29,2456
Dhankuta,Kosi,Hill,Eastern,2068/69,2011/12,  Male,30-39,4919
Dhankuta,Kosi,Hill,Eastern,2068/69,2011/12,  Male,40-49,6717
Dhankuta,Kosi,Hill,Eastern,2068/69,2011/12,  Male,50-59,6158
Dhankuta,Kosi,Hill,Eastern,2068/69,2011/12,  Male,60-69,3862
Dhankuta,Kosi,Hill,Eastern,2068/69,2011/12,  Male,70 years & above,2207
Dhankuta,Kosi,Hill,Eastern,2068/69,2011/12,  Female,10-14,25
Dhankuta,Kosi,Hill,Eastern,2068/69,2011/12,  Female,15-19,234
Dhankuta,Kosi,Hill,Eastern,2068/69,2011/12,  Female,20-29,2691
Dhankuta,Kosi,Hill,Eastern,2068/69,2011/12,  Female,30-39,3053
Dhankuta,Kosi,Hill,Eastern,2068/69,2011/12,  Female,40-49,1981
Dhankuta,Kosi,Hill,Eastern,2068/69,2011/12,  Female,50-59,1343
Dhankuta,Kosi,Hill,Eastern,2068/69,2011/12,  Female,60-69,1020
Dhankuta,Kosi,Hill,Eastern,2068/69,2011/12,  Female,70 years & above,669
Dhanusa,Janakpur,Terai,Central,2068/69,2011/12,  Male,10-14,172
Dhanusa,Janakpur,Terai,Central,2068/69,2011/12,  Male,15-19,1007
Dhanusa,Janakpur,Terai,Central,2068/69,2011/12,  Male,20-29,8378
Dhanusa,Janakpur,Terai,Central,2068/69,2011/12,  Male,30-39,22536
Dhanusa,Janakpur,Terai,Central,2068/69,2011/12,  Male,40-49,30079
Dhanusa,Janakpur,Terai,Central,2068/69,2011/12,  Male,50-59,25045
Dhanusa,Janakpur,Terai,Central,2068/69,2011/12,  Male,60-69,17140
Dhanusa,Janakpur,Terai,Central,2068/69,2011/12,  Male,70 years & above,6546
Dhanusa,Janakpur,Terai,Central,2068/69,2011/12,  Female,10-14,44
Dhanusa,Janakpur,Terai,Central,2068/69,2011/12,  Female,15-19,358
Dhanusa,Janakpur,Terai,Central,2068/69,2011/12,  Female,20-29,4950
Dhanusa,Janakpur,Terai,Central,2068/69,2011/12,  Female,30-39,9744
Dhanusa,Janakpur,Terai,Central,2068/69,2011/12,  Female,40-49,5661
Dhanusa,Janakpur,Terai,Central,2068/69,2011/12,  Female,50-59,2696
Dhanusa,Janakpur,Terai,Central,2068/69,2011/12,  Female,60-69,2694
Dhanusa,Janakpur,Terai,Central,2068/69,2011/12,  Female,70 years & above,1199
Dolakha,Janakpur,Mountain,Central,2068/69,2011/12,  Male,10-14,23
Dolakha,Janakpur,Mountain,Central,2068/69,2011/12,  Male,15-19,164
Dolakha,Janakpur,Mountain,Central,2068/69,2011/12,  Male,20-29,2815
Dolakha,Janakpur,Mountain,Central,2068/69,2011/12,  Male,30-39,5217
Dolakha,Janakpur,Mountain,Central,2068/69,2011/12,  Male,40-49,6813
Dolakha,Janakpur,Mountain,Central,2068/69,2011/12,  Male,50-59,6727
Dolakha,Janakpur,Mountain,Central,2068/69,2011/12,  Male,60-69,4851
Dolakha,Janakpur,Mountain,Central,2068/69,2011/12,  Male,70 years & above,3360
Dolakha,Janakpur,Mountain,Central,2068/69,2011/12,  Female,10-14,24
Dolakha,Janakpur,Mountain,Central,2068/69,2011/12,  Female,15-19,207
Dolakha,Janakpur,Mountain,Central,2068/69,2011/12,  Female,20-29,2947
Dolakha,Janakpur,Mountain,Central,2068/69,2011/12,  Female,30-39,3659
Dolakha,Janakpur,Mountain,Central,2068/69,2011/12,  Female,40-49,2990
Dolakha,Janakpur,Mountain,Central,2068/69,2011/12,  Female,50-59,2108
Dolakha,Janakpur,Mountain,Central,2068/69,2011/12,  Female,60-69,1941
Dolakha,Janakpur,Mountain,Central,2068/69,2011/12,  Female,70 years & above,1842
Dolpa,Karnali,Mountain,Mid-Western,2068/69,2011/12,  Male,10-14,14
Dolpa,Karnali,Mountain,Mid-Western,2068/69,2011/12,  Male,15-19,121
Dolpa,Karnali,Mountain,Mid-Western,2068/69,2011/12,  Male,20-29,1342
Dolpa,Karnali,Mountain,Mid-Western,2068/69,2011/12,  Male,30-39,1791
Dolpa,Karnali,Mountain,Mid-Western,2068/69,2011/12,  Male,40-49,1525
Dolpa,Karnali,Mountain,Mid-Western,2068/69,2011/12,  Male,50-59,1071
Dolpa,Karnali,Mountain,Mid-Western,2068/69,2011/12,  Male,60-69,554
Dolpa,Karnali,Mountain,Mid-Western,2068/69,2011/12,  Male,70 years & above,125
Dolpa,Karnali,Mountain,Mid-Western,2068/69,2011/12,  Female,10-14,9
Dolpa,Karnali,Mountain,Mid-Western,2068/69,2011/12,  Female,15-19,11
Dolpa,Karnali,Mountain,Mid-Western,2068/69,2011/12,  Female,20-29,144
Dolpa,Karnali,Mountain,Mid-Western,2068/69,2011/12,  Female,30-39,197
Dolpa,Karnali,Mountain,Mid-Western,2068/69,2011/12,  Female,40-49,207
Dolpa,Karnali,Mountain,Mid-Western,2068/69,2011/12,  Female,50-59,171
Dolpa,Karnali,Mountain,Mid-Western,2068/69,2011/12,  Female,60-69,154
Dolpa,Karnali,Mountain,Mid-Western,2068/69,2011/12,  Female,70 years & above,52
Doti,Seti,Hill,Far-Western,2068/69,2011/12,  Male,10-14,50
Doti,Seti,Hill,Far-Western,2068/69,2011/12,  Male,15-19,309
Doti,Seti,Hill,Far-Western,2068/69,2011/12,  Male,20-29,3549
Doti,Seti,Hill,Far-Western,2068/69,2011/12,  Male,30-39,6150
Doti,Seti,Hill,Far-Western,2068/69,2011/12,  Male,40-49,5922
Doti,Seti,Hill,Far-Western,2068/69,2011/12,  Male,50-59,5260
Doti,Seti,Hill,Far-Western,2068/69,2011/12,  Male,60-69,3675
Doti,Seti,Hill,Far-Western,2068/69,2011/12,  Male,70 years & above,1651
Doti,Seti,Hill,Far-Western,2068/69,2011/12,  Female,10-14,35
Doti,Seti,Hill,Far-Western,2068/69,2011/12,  Female,15-19,195
Doti,Seti,Hill,Far-Western,2068/69,2011/12,  Female,20-29,3061
Doti,Seti,Hill,Far-Western,2068/69,2011/12,  Female,30-39,4050
Doti,Seti,Hill,Far-Western,2068/69,2011/12,  Female,40-49,2850
Doti,Seti,Hill,Far-Western,2068/69,2011/12,  Female,50-59,1827
Doti,Seti,Hill,Far-Western,2068/69,2011/12,  Female,60-69,2034
Doti,Seti,Hill,Far-Western,2068/69,2011/12,  Female,70 years & above,822
Gorkha,Gandaki,Hill,Western,2068/69,2011/12,  Male,10-14,37
Gorkha,Gandaki,Hill,Western,2068/69,2011/12,  Male,15-19,292
Gorkha,Gandaki,Hill,Western,2068/69,2011/12,  Male,20-29,2629
Gorkha,Gandaki,Hill,Western,2068/69,2011/12,  Male,30-39,6122
Gorkha,Gandaki,Hill,Western,2068/69,2011/12,  Male,40-49,9368
Gorkha,Gandaki,Hill,Western,2068/69,2011/12,  Male,50-59,10233
Gorkha,Gandaki,Hill,Western,2068/69,2011/12,  Male,60-69,7531
Gorkha,Gandaki,Hill,Western,2068/69,2011/12,  Male,70 years & above,5550
Gorkha,Gandaki,Hill,Western,2068/69,2011/12,  Female,10-14,48
Gorkha,Gandaki,Hill,Western,2068/69,2011/12,  Female,15-19,430
Gorkha,Gandaki,Hill,Western,2068/69,2011/12,  Female,20-29,5194
Gorkha,Gandaki,Hill,Western,2068/69,2011/12,  Female,30-39,6555
Gorkha,Gandaki,Hill,Western,2068/69,2011/12,  Female,40-49,4673
Gorkha,Gandaki,Hill,Western,2068/69,2011/12,  Female,50-59,3182
Gorkha,Gandaki,Hill,Western,2068/69,2011/12,  Female,60-69,2757
Gorkha,Gandaki,Hill,Western,2068/69,2011/12,  Female,70 years & above,1905
Gulmi,Lumbini,Hill,Western,2068/69,2011/12,  Male,10-14,40
Gulmi,Lumbini,Hill,Western,2068/69,2011/12,  Male,15-19,301
Gulmi,Lumbini,Hill,Western,2068/69,2011/12,  Male,20-29,2205
Gulmi,Lumbini,Hill,Western,2068/69,2011/12,  Male,30-39,5116
Gulmi,Lumbini,Hill,Western,2068/69,2011/12,  Male,40-49,7768
Gulmi,Lumbini,Hill,Western,2068/69,2011/12,  Male,50-59,9218
Gulmi,Lumbini,Hill,Western,2068/69,2011/12,  Male,60-69,7753
Gulmi,Lumbini,Hill,Western,2068/69,2011/12,  Male,70 years & above,4899
Gulmi,Lumbini,Hill,Western,2068/69,2011/12,  Female,10-14,41
Gulmi,Lumbini,Hill,Western,2068/69,2011/12,  Female,15-19,453
Gulmi,Lumbini,Hill,Western,2068/69,2011/12,  Female,20-29,5666
Gulmi,Lumbini,Hill,Western,2068/69,2011/12,  Female,30-39,7702
Gulmi,Lumbini,Hill,Western,2068/69,2011/12,  Female,40-49,5378
Gulmi,Lumbini,Hill,Western,2068/69,2011/12,  Female,50-59,3623
Gulmi,Lumbini,Hill,Western,2068/69,2011/12,  Female,60-69,3219
Gulmi,Lumbini,Hill,Western,2068/69,2011/12,  Female,70 years & above,1539
Humla,Karnali,Mountain,Mid-Western,2068/69,2011/12,  Male,10-14,22
Humla,Karnali,Mountain,Mid-Western,2068/69,2011/12,  Male,15-19,122
Humla,Karnali,Mountain,Mid-Western,2068/69,2011/12,  Male,20-29,1405
Humla,Karnali,Mountain,Mid-Western,2068/69,2011/12,  Male,30-39,2113
Humla,Karnali,Mountain,Mid-Western,2068/69,2011/12,  Male,40-49,2102
Humla,Karnali,Mountain,Mid-Western,2068/69,2011/12,  Male,50-59,1601
Humla,Karnali,Mountain,Mid-Western,2068/69,2011/12,  Male,60-69,953
Humla,Karnali,Mountain,Mid-Western,2068/69,2011/12,  Male,70 years & above,239
Humla,Karnali,Mountain,Mid-Western,2068/69,2011/12,  Female,10-14,7
Humla,Karnali,Mountain,Mid-Western,2068/69,2011/12,  Female,15-19,27
Humla,Karnali,Mountain,Mid-Western,2068/69,2011/12,  Female,20-29,151
Humla,Karnali,Mountain,Mid-Western,2068/69,2011/12,  Female,30-39,192
Humla,Karnali,Mountain,Mid-Western,2068/69,2011/12,  Female,40-49,202
Humla,Karnali,Mountain,Mid-Western,2068/69,2011/12,  Female,50-59,166
Humla,Karnali,Mountain,Mid-Western,2068/69,2011/12,  Female,60-69,146
Humla,Karnali,Mountain,Mid-Western,2068/69,2011/12,  Female,70 years & above,31
Ilam,Mechi,Hill,Eastern,2068/69,2011/12,  Male,10-14,32
Ilam,Mechi,Hill,Eastern,2068/69,2011/12,  Male,15-19,257
Ilam,Mechi,Hill,Eastern,2068/69,2011/12,  Male,20-29,4981
Ilam,Mechi,Hill,Eastern,2068/69,2011/12,  Male,30-39,11213
Ilam,Mechi,Hill,Eastern,2068/69,2011/12,  Male,40-49,13324
Ilam,Mechi,Hill,Eastern,2068/69,2011/12,  Male,50-59,11710
Ilam,Mechi,Hill,Eastern,2068/69,2011/12,  Male,60-69,6821
Ilam,Mechi,Hill,Eastern,2068/69,2011/12,  Male,70 years & above,3439
Ilam,Mechi,Hill,Eastern,2068/69,2011/12,  Female,10-14,32
Ilam,Mechi,Hill,Eastern,2068/69,2011/12,  Female,15-19,223
Ilam,Mechi,Hill,Eastern,2068/69,2011/12,  Female,20-29,2834
Ilam,Mechi,Hill,Eastern,2068/69,2011/12,  Female,30-39,3486
Ilam,Mechi,Hill,Eastern,2068/69,2011/12,  Female,40-49,2282
Ilam,Mechi,Hill,Eastern,2068/69,2011/12,  Female,50-59,1761
Ilam,Mechi,Hill,Eastern,2068/69,2011/12,  Female,60-69,1346
Ilam,Mechi,Hill,Eastern,2068/69,2011/12,  Female,70 years & above,761
Jajarkot,Bheri,Hill,Mid-Western,2068/69,2011/12,  Male,10-14,38
Jajarkot,Bheri,Hill,Mid-Western,2068/69,2011/12,  Male,15-19,268
Jajarkot,Bheri,Hill,Mid-Western,2068/69,2011/12,  Male,20-29,4791
Jajarkot,Bheri,Hill,Mid-Western,2068/69,2011/12,  Male,30-39,7043
Jajarkot,Bheri,Hill,Mid-Western,2068/69,2011/12,  Male,40-49,6486
Jajarkot,Bheri,Hill,Mid-Western,2068/69,2011/12,  Male,50-59,4646
Jajarkot,Bheri,Hill,Mid-Western,2068/69,2011/12,  Male,60-69,2564
Jajarkot,Bheri,Hill,Mid-Western,2068/69,2011/12,  Male,70 years & above,769
Jajarkot,Bheri,Hill,Mid-Western,2068/69,2011/12,  Female,10-14,9
Jajarkot,Bheri,Hill,Mid-Western,2068/69,2011/12,  Female,15-19,81
Jajarkot,Bheri,Hill,Mid-Western,2068/69,2011/12,  Female,20-29,1011
Jajarkot,Bheri,Hill,Mid-Western,2068/69,2011/12,  Female,30-39,936
Jajarkot,Bheri,Hill,Mid-Western,2068/69,2011/12,  Female,40-49,670
Jajarkot,Bheri,Hill,Mid-Western,2068/69,2011/12,  Female,50-59,482
Jajarkot,Bheri,Hill,Mid-Western,2068/69,2011/12,  Female,60-69,534
Jajarkot,Bheri,Hill,Mid-Western,2068/69,2011/12,  Female,70 years & above,144
Jhapa,Mechi,Terai,Eastern,2068/69,2011/12,  Male,10-14,76
Jhapa,Mechi,Terai,Eastern,2068/69,2011/12,  Male,15-19,689
Jhapa,Mechi,Terai,Eastern,2068/69,2011/12,  Male,20-29,11333
Jhapa,Mechi,Terai,Eastern,2068/69,2011/12,  Male,30-39,29557
Jhapa,Mechi,Terai,Eastern,2068/69,2011/12,  Male,40-49,34868
Jhapa,Mechi,Terai,Eastern,2068/69,2011/12,  Male,50-59,28555
Jhapa,Mechi,Terai,Eastern,2068/69,2011/12,  Male,60-69,19219
Jhapa,Mechi,Terai,Eastern,2068/69,2011/12,  Male,70 years & above,10546
Jhapa,Mechi,Terai,Eastern,2068/69,2011/12,  Female,10-14,61
Jhapa,Mechi,Terai,Eastern,2068/69,2011/12,  Female,15-19,611
Jhapa,Mechi,Terai,Eastern,2068/69,2011/12,  Female,20-29,10240
Jhapa,Mechi,Terai,Eastern,2068/69,2011/12,  Female,30-39,14570
Jhapa,Mechi,Terai,Eastern,2068/69,2011/12,  Female,40-49,9088
Jhapa,Mechi,Terai,Eastern,2068/69,2011/12,  Female,50-59,6672
Jhapa,Mechi,Terai,Eastern,2068/69,2011/12,  Female,60-69,5535
Jhapa,Mechi,Terai,Eastern,2068/69,2011/12,  Female,70 years & above,2932
Jumla,Karnali,Mountain,Mid-Western,2068/69,2011/12,  Male,10-14,17
Jumla,Karnali,Mountain,Mid-Western,2068/69,2011/12,  Male,15-19,151
Jumla,Karnali,Mountain,Mid-Western,2068/69,2011/12,  Male,20-29,2679
Jumla,Karnali,Mountain,Mid-Western,2068/69,2011/12,  Male,30-39,4409
Jumla,Karnali,Mountain,Mid-Western,2068/69,2011/12,  Male,40-49,4103
Jumla,Karnali,Mountain,Mid-Western,2068/69,2011/12,  Male,50-59,2999
Jumla,Karnali,Mountain,Mid-Western,2068/69,2011/12,  Male,60-69,1832
Jumla,Karnali,Mountain,Mid-Western,2068/69,2011/12,  Male,70 years & above,483
Jumla,Karnali,Mountain,Mid-Western,2068/69,2011/12,  Female,10-14,3
Jumla,Karnali,Mountain,Mid-Western,2068/69,2011/12,  Female,15-19,60
Jumla,Karnali,Mountain,Mid-Western,2068/69,2011/12,  Female,20-29,501
Jumla,Karnali,Mountain,Mid-Western,2068/69,2011/12,  Female,30-39,552
Jumla,Karnali,Mountain,Mid-Western,2068/69,2011/12,  Female,40-49,556
Jumla,Karnali,Mountain,Mid-Western,2068/69,2011/12,  Female,50-59,422
Jumla,Karnali,Mountain,Mid-Western,2068/69,2011/12,  Female,60-69,455
Jumla,Karnali,Mountain,Mid-Western,2068/69,2011/12,  Female,70 years & above,81
Kailali,Seti,Terai,Far-Western,2068/69,2011/12,  Male,10-14,236
Kailali,Seti,Terai,Far-Western,2068/69,2011/12,  Male,15-19,1509
Kailali,Seti,Terai,Far-Western,2068/69,2011/12,  Male,20-29,15987
Kailali,Seti,Terai,Far-Western,2068/69,2011/12,  Male,30-39,28668
Kailali,Seti,Terai,Far-Western,2068/69,2011/12,  Male,40-49,26522
Kailali,Seti,Terai,Far-Western,2068/69,2011/12,  Male,50-59,17333
Kailali,Seti,Terai,Far-Western,2068/69,2011/12,  Male,60-69,11749
Kailali,Seti,Terai,Far-Western,2068/69,2011/12,  Male,70 years & above,5347
Kailali,Seti,Terai,Far-Western,2068/69,2011/12,  Female,10-14,157
Kailali,Seti,Terai,Far-Western,2068/69,2011/12,  Female,15-19,898
Kailali,Seti,Terai,Far-Western,2068/69,2011/12,  Female,20-29,8552
Kailali,Seti,Terai,Far-Western,2068/69,2011/12,  Female,30-39,10254
Kailali,Seti,Terai,Far-Western,2068/69,2011/12,  Female,40-49,6965
Kailali,Seti,Terai,Far-Western,2068/69,2011/12,  Female,50-59,3677
Kailali,Seti,Terai,Far-Western,2068/69,2011/12,  Female,60-69,3322
Kailali,Seti,Terai,Far-Western,2068/69,2011/12,  Female,70 years & above,1304
Kalikot,Karnali,Mountain,Mid-Western,2068/69,2011/12,  Male,10-14,36
Kalikot,Karnali,Mountain,Mid-Western,2068/69,2011/12,  Male,15-19,290
Kalikot,Karnali,Mountain,Mid-Western,2068/69,2011/12,  Male,20-29,3370
Kalikot,Karnali,Mountain,Mid-Western,2068/69,2011/12,  Male,30-39,5265
Kalikot,Karnali,Mountain,Mid-Western,2068/69,2011/12,  Male,40-49,4995
Kalikot,Karnali,Mountain,Mid-Western,2068/69,2011/12,  Male,50-59,3757
Kalikot,Karnali,Mountain,Mid-Western,2068/69,2011/12,  Male,60-69,2292
Kalikot,Karnali,Mountain,Mid-Western,2068/69,2011/12,  Male,70 years & above,571
Kalikot,Karnali,Mountain,Mid-Western,2068/69,2011/12,  Female,10-14,3
Kalikot,Karnali,Mountain,Mid-Western,2068/69,2011/12,  Female,15-19,52
Kalikot,Karnali,Mountain,Mid-Western,2068/69,2011/12,  Female,20-29,407
Kalikot,Karnali,Mountain,Mid-Western,2068/69,2011/12,  Female,30-39,599
Kalikot,Karnali,Mountain,Mid-Western,2068/69,2011/12,  Female,40-49,514
Kalikot,Karnali,Mountain,Mid-Western,2068/69,2011/12,  Female,50-59,381
Kalikot,Karnali,Mountain,Mid-Western,2068/69,2011/12,  Female,60-69,403
Kalikot,Karnali,Mountain,Mid-Western,2068/69,2011/12,  Female,70 years & above,78
Kanchanpur,Mahakali,Terai,Far-Western,2068/69,2011/12,  Male,10-14,90
Kanchanpur,Mahakali,Terai,Far-Western,2068/69,2011/12,  Male,15-19,636
Kanchanpur,Mahakali,Terai,Far-Western,2068/69,2011/12,  Male,20-29,6697
Kanchanpur,Mahakali,Terai,Far-Western,2068/69,2011/12,  Male,30-39,14764
Kanchanpur,Mahakali,Terai,Far-Western,2068/69,2011/12,  Male,40-49,15595
Kanchanpur,Mahakali,Terai,Far-Western,2068/69,2011/12,  Male,50-59,11132
Kanchanpur,Mahakali,Terai,Far-Western,2068/69,2011/12,  Male,60-69,7747
Kanchanpur,Mahakali,Terai,Far-Western,2068/69,2011/12,  Male,70 years & above,3930
Kanchanpur,Mahakali,Terai,Far-Western,2068/69,2011/12,  Female,10-14,58
Kanchanpur,Mahakali,Terai,Far-Western,2068/69,2011/12,  Female,15-19,371
Kanchanpur,Mahakali,Terai,Far-Western,2068/69,2011/12,  Female,20-29,4982
Kanchanpur,Mahakali,Terai,Far-Western,2068/69,2011/12,  Female,30-39,6748
Kanchanpur,Mahakali,Terai,Far-Western,2068/69,2011/12,  Female,40-49,4197
Kanchanpur,Mahakali,Terai,Far-Western,2068/69,2011/12,  Female,50-59,2288
Kanchanpur,Mahakali,Terai,Far-Western,2068/69,2011/12,  Female,60-69,2050
Kanchanpur,Mahakali,Terai,Far-Western,2068/69,2011/12,  Female,70 years & above,867
Kapilbastu,Lumbini,Terai,Western,2068/69,2011/12,  Male,10-14,64
Kapilbastu,Lumbini,Terai,Western,2068/69,2011/12,  Male,15-19,415
Kapilbastu,Lumbini,Terai,Western,2068/69,2011/12,  Male,20-29,5983
Kapilbastu,Lumbini,Terai,Western,2068/69,2011/12,  Male,30-39,15470
Kapilbastu,Lumbini,Terai,Western,2068/69,2011/12,  Male,40-49,19410
Kapilbastu,Lumbini,Terai,Western,2068/69,2011/12,  Male,50-59,16006
Kapilbastu,Lumbini,Terai,Western,2068/69,2011/12,  Male,60-69,12649
Kapilbastu,Lumbini,Terai,Western,2068/69,2011/12,  Male,70 years & above,6289
Kapilbastu,Lumbini,Terai,Western,2068/69,2011/12,  Female,10-14,26
Kapilbastu,Lumbini,Terai,Western,2068/69,2011/12,  Female,15-19,156
Kapilbastu,Lumbini,Terai,Western,2068/69,2011/12,  Female,20-29,2858
Kapilbastu,Lumbini,Terai,Western,2068/69,2011/12,  Female,30-39,4342
Kapilbastu,Lumbini,Terai,Western,2068/69,2011/12,  Female,40-49,2862
Kapilbastu,Lumbini,Terai,Western,2068/69,2011/12,  Female,50-59,1866
Kapilbastu,Lumbini,Terai,Western,2068/69,2011/12,  Female,60-69,1874
Kapilbastu,Lumbini,Terai,Western,2068/69,2011/12,  Female,70 years & above,1051
Kaski,Gandaki,Hill,Western,2068/69,2011/12,  Male,10-14,79
Kaski,Gandaki,Hill,Western,2068/69,2011/12,  Male,15-19,1579
Kaski,Gandaki,Hill,Western,2068/69,2011/12,  Male,20-29,12643
Kaski,Gandaki,Hill,Western,2068/69,2011/12,  Male,30-39,17134
Kaski,Gandaki,Hill,Western,2068/69,2011/12,  Male,40-49,16549
Kaski,Gandaki,Hill,Western,2068/69,2011/12,  Male,50-59,14079
Kaski,Gandaki,Hill,Western,2068/69,2011/12,  Male,60-69,8931
Kaski,Gandaki,Hill,Western,2068/69,2011/12,  Male,70 years & above,6096
Kaski,Gandaki,Hill,Western,2068/69,2011/12,  Female,10-14,70
Kaski,Gandaki,Hill,Western,2068/69,2011/12,  Female,15-19,1020
Kaski,Gandaki,Hill,Western,2068/69,2011/12,  Female,20-29,12021
Kaski,Gandaki,Hill,Western,2068/69,2011/12,  Female,30-39,13974
Kaski,Gandaki,Hill,Western,2068/69,2011/12,  Female,40-49,8819
Kaski,Gandaki,Hill,Western,2068/69,2011/12,  Female,50-59,5433
Kaski,Gandaki,Hill,Western,2068/69,2011/12,  Female,60-69,4279
Kaski,Gandaki,Hill,Western,2068/69,2011/12,  Female,70 years & above,2967
Kathmandu,Bagmati,Hill,Central,2068/69,2011/12,  Male,10-14,398
Kathmandu,Bagmati,Hill,Central,2068/69,2011/12,  Male,15-19,6983
Kathmandu,Bagmati,Hill,Central,2068/69,2011/12,  Male,20-29,71310
Kathmandu,Bagmati,Hill,Central,2068/69,2011/12,  Male,30-39,84672
Kathmandu,Bagmati,Hill,Central,2068/69,2011/12,  Male,40-49,70318
Kathmandu,Bagmati,Hill,Central,2068/69,2011/12,  Male,50-59,43776
Kathmandu,Bagmati,Hill,Central,2068/69,2011/12,  Male,60-69,24244
Kathmandu,Bagmati,Hill,Central,2068/69,2011/12,  Male,70 years & above,13356
Kathmandu,Bagmati,Hill,Central,2068/69,2011/12,  Female,10-14,247
Kathmandu,Bagmati,Hill,Central,2068/69,2011/12,  Female,15-19,3944
Kathmandu,Bagmati,Hill,Central,2068/69,2011/12,  Female,20-29,38271
Kathmandu,Bagmati,Hill,Central,2068/69,2011/12,  Female,30-39,32540
Kathmandu,Bagmati,Hill,Central,2068/69,2011/12,  Female,40-49,19081
Kathmandu,Bagmati,Hill,Central,2068/69,2011/12,  Female,50-59,11732
Kathmandu,Bagmati,Hill,Central,2068/69,2011/12,  Female,60-69,8968
Kathmandu,Bagmati,Hill,Central,2068/69,2011/12,  Female,70 years & above,6504
Kavrepalanchok,Bagmati,Hill,Central,2068/69,2011/12,  Male,10-14,30
Kavrepalanchok,Bagmati,Hill,Central,2068/69,2011/12,  Male,15-19,338
Kavrepalanchok,Bagmati,Hill,Central,2068/69,2011/12,  Male,20-29,6184
Kavrepalanchok,Bagmati,Hill,Central,2068/69,2011/12,  Male,30-39,13257
Kavrepalanchok,Bagmati,Hill,Central,2068/69,2011/12,  Male,40-49,15763
Kavrepalanchok,Bagmati,Hill,Central,2068/69,2011/12,  Male,50-59,13091
Kavrepalanchok,Bagmati,Hill,Central,2068/69,2011/12,  Male,60-69,9006
Kavrepalanchok,Bagmati,Hill,Central,2068/69,2011/12,  Male,70 years & above,5881
Kavrepalanchok,Bagmati,Hill,Central,2068/69,2011/12,  Female,10-14,23
Kavrepalanchok,Bagmati,Hill,Central,2068/69,2011/12,  Female,15-19,220
Kavrepalanchok,Bagmati,Hill,Central,2068/69,2011/12,  Female,20-29,2574
Kavrepalanchok,Bagmati,Hill,Central,2068/69,2011/12,  Female,30-39,3999
Kavrepalanchok,Bagmati,Hill,Central,2068/69,2011/12,  Female,40-49,3205
Kavrepalanchok,Bagmati,Hill,Central,2068/69,2011/12,  Female,50-59,2631
Kavrepalanchok,Bagmati,Hill,Central,2068/69,2011/12,  Female,60-69,2597
Kavrepalanchok,Bagmati,Hill,Central,2068/69,2011/12,  Female,70 years & above,1921
Khotang,Sagarmatha,Hill,Eastern,2068/69,2011/12,  Male,10-14,19
Khotang,Sagarmatha,Hill,Eastern,2068/69,2011/12,  Male,15-19,202
Khotang,Sagarmatha,Hill,Eastern,2068/69,2011/12,  Male,20-29,2600
Khotang,Sagarmatha,Hill,Eastern,2068/69,2011/12,  Male,30-39,5062
Khotang,Sagarmatha,Hill,Eastern,2068/69,2011/12,  Male,40-49,7616
Khotang,Sagarmatha,Hill,Eastern,2068/69,2011/12,  Male,50-59,7126
Khotang,Sagarmatha,Hill,Eastern,2068/69,2011/12,  Male,60-69,5166
Khotang,Sagarmatha,Hill,Eastern,2068/69,2011/12,  Male,70 years & above,3502
Khotang,Sagarmatha,Hill,Eastern,2068/69,2011/12,  Female,10-14,13
Khotang,Sagarmatha,Hill,Eastern,2068/69,2011/12,  Female,15-19,179
Khotang,Sagarmatha,Hill,Eastern,2068/69,2011/12,  Female,20-29,2348
Khotang,Sagarmatha,Hill,Eastern,2068/69,2011/12,  Female,30-39,2560
Khotang,Sagarmatha,Hill,Eastern,2068/69,2011/12,  Female,40-49,2185
Khotang,Sagarmatha,Hill,Eastern,2068/69,2011/12,  Female,50-59,1572
Khotang,Sagarmatha,Hill,Eastern,2068/69,2011/12,  Female,60-69,1459
Khotang,Sagarmatha,Hill,Eastern,2068/69,2011/12,  Female,70 years & above,1055
Lalitpur,Bagmati,Hill,Central,2068/69,2011/12,  Male,10-14,70
Lalitpur,Bagmati,Hill,Central,2068/69,2011/12,  Male,15-19,1346
Lalitpur,Bagmati,Hill,Central,2068/69,2011/12,  Male,20-29,13583
Lalitpur,Bagmati,Hill,Central,2068/69,2011/12,  Male,30-39,20701
Lalitpur,Bagmati,Hill,Central,2068/69,2011/12,  Male,40-49,20525
Lalitpur,Bagmati,Hill,Central,2068/69,2011/12,  Male,50-59,13704
Lalitpur,Bagmati,Hill,Central,2068/69,2011/12,  Male,60-69,8432
Lalitpur,Bagmati,Hill,Central,2068/69,2011/12,  Male,70 years & above,5161
Lalitpur,Bagmati,Hill,Central,2068/69,2011/12,  Female,10-14,34
Lalitpur,Bagmati,Hill,Central,2068/69,2011/12,  Female,15-19,654
Lalitpur,Bagmati,Hill,Central,2068/69,2011/12,  Female,20-29,6157
Lalitpur,Bagmati,Hill,Central,2068/69,2011/12,  Female,30-39,6631
Lalitpur,Bagmati,Hill,Central,2068/69,2011/12,  Female,40-49,4612
Lalitpur,Bagmati,Hill,Central,2068/69,2011/12,  Female,50-59,3154
Lalitpur,Bagmati,Hill,Central,2068/69,2011/12,  Female,60-69,2801
Lalitpur,Bagmati,Hill,Central,2068/69,2011/12,  Female,70 years & above,2232
Lamjung,Gandaki,Hill,Western,2068/69,2011/12,  Male,10-14,24
Lamjung,Gandaki,Hill,Western,2068/69,2011/12,  Male,15-19,182
Lamjung,Gandaki,Hill,Western,2068/69,2011/12,  Male,20-29,1506
Lamjung,Gandaki,Hill,Western,2068/69,2011/12,  Male,30-39,3639
Lamjung,Gandaki,Hill,Western,2068/69,2011/12,  Male,40-49,5588
Lamjung,Gandaki,Hill,Western,2068/69,2011/12,  Male,50-59,6162
Lamjung,Gandaki,Hill,Western,2068/69,2011/12,  Male,60-69,4610
Lamjung,Gandaki,Hill,Western,2068/69,2011/12,  Male,70 years & above,3260
Lamjung,Gandaki,Hill,Western,2068/69,2011/12,  Female,10-14,42
Lamjung,Gandaki,Hill,Western,2068/69,2011/12,  Female,15-19,270
Lamjung,Gandaki,Hill,Western,2068/69,2011/12,  Female,20-29,3704
Lamjung,Gandaki,Hill,Western,2068/69,2011/12,  Female,30-39,4557
Lamjung,Gandaki,Hill,Western,2068/69,2011/12,  Female,40-49,3216
Lamjung,Gandaki,Hill,Western,2068/69,2011/12,  Female,50-59,2175
Lamjung,Gandaki,Hill,Western,2068/69,2011/12,  Female,60-69,1887
Lamjung,Gandaki,Hill,Western,2068/69,2011/12,  Female,70 years & above,1257
Mahottari,Janakpur,Terai,Central,2068/69,2011/12,  Male,10-14,122
Mahottari,Janakpur,Terai,Central,2068/69,2011/12,  Male,15-19,473
Mahottari,Janakpur,Terai,Central,2068/69,2011/12,  Male,20-29,6106
Mahottari,Janakpur,Terai,Central,2068/69,2011/12,  Male,30-39,18000
Mahottari,Janakpur,Terai,Central,2068/69,2011/12,  Male,40-49,23315
Mahottari,Janakpur,Terai,Central,2068/69,2011/12,  Male,50-59,20540
Mahottari,Janakpur,Terai,Central,2068/69,2011/12,  Male,60-69,15007
Mahottari,Janakpur,Terai,Central,2068/69,2011/12,  Male,70 years & above,6138
Mahottari,Janakpur,Terai,Central,2068/69,2011/12,  Female,10-14,18
Mahottari,Janakpur,Terai,Central,2068/69,2011/12,  Female,15-19,173
Mahottari,Janakpur,Terai,Central,2068/69,2011/12,  Female,20-29,3879
Mahottari,Janakpur,Terai,Central,2068/69,2011/12,  Female,30-39,7187
Mahottari,Janakpur,Terai,Central,2068/69,2011/12,  Female,40-49,4376
Mahottari,Janakpur,Terai,Central,2068/69,2011/12,  Female,50-59,2338
Mahottari,Janakpur,Terai,Central,2068/69,2011/12,  Female,60-69,2469
Mahottari,Janakpur,Terai,Central,2068/69,2011/12,  Female,70 years & above,1175
Makwanpur,Narayani,Hill,Central,2068/69,2011/12,  Male,10-14,49
Makwanpur,Narayani,Hill,Central,2068/69,2011/12,  Male,15-19,511
Makwanpur,Narayani,Hill,Central,2068/69,2011/12,  Male,20-29,8167
Makwanpur,Narayani,Hill,Central,2068/69,2011/12,  Male,30-39,15616
Makwanpur,Narayani,Hill,Central,2068/69,2011/12,  Male,40-49,17008
Makwanpur,Narayani,Hill,Central,2068/69,2011/12,  Male,50-59,13346
Makwanpur,Narayani,Hill,Central,2068/69,2011/12,  Male,60-69,7749
Makwanpur,Narayani,Hill,Central,2068/69,2011/12,  Male,70 years & above,4259
Makwanpur,Narayani,Hill,Central,2068/69,2011/12,  Female,10-14,38
Makwanpur,Narayani,Hill,Central,2068/69,2011/12,  Female,15-19,386
Makwanpur,Narayani,Hill,Central,2068/69,2011/12,  Female,20-29,4272
Makwanpur,Narayani,Hill,Central,2068/69,2011/12,  Female,30-39,5153
Makwanpur,Narayani,Hill,Central,2068/69,2011/12,  Female,40-49,3870
Makwanpur,Narayani,Hill,Central,2068/69,2011/12,  Female,50-59,2621
Makwanpur,Narayani,Hill,Central,2068/69,2011/12,  Female,60-69,1964
Makwanpur,Narayani,Hill,Central,2068/69,2011/12,  Female,70 years & above,1118
Manang,Gandaki,Mountain,Western,2068/69,2011/12,  Male,10-14,1
Manang,Gandaki,Mountain,Western,2068/69,2011/12,  Male,15-19,2
Manang,Gandaki,Mountain,Western,2068/69,2011/12,  Male,20-29,117
Manang,Gandaki,Mountain,Western,2068/69,2011/12,  Male,30-39,234
Manang,Gandaki,Mountain,Western,2068/69,2011/12,  Male,40-49,283
Manang,Gandaki,Mountain,Western,2068/69,2011/12,  Male,50-59,245
Manang,Gandaki,Mountain,Western,2068/69,2011/12,  Male,60-69,148
Manang,Gandaki,Mountain,Western,2068/69,2011/12,  Male,70 years & above,101
Manang,Gandaki,Mountain,Western,2068/69,2011/12,  Female,10-14,1
Manang,Gandaki,Mountain,Western,2068/69,2011/12,  Female,15-19,1
Manang,Gandaki,Mountain,Western,2068/69,2011/12,  Female,20-29,29
Manang,Gandaki,Mountain,Western,2068/69,2011/12,  Female,30-39,42
Manang,Gandaki,Mountain,Western,2068/69,2011/12,  Female,40-49,75
Manang,Gandaki,Mountain,Western,2068/69,2011/12,  Female,50-59,70
Manang,Gandaki,Mountain,Western,2068/69,2011/12,  Female,60-69,69
Manang,Gandaki,Mountain,Western,2068/69,2011/12,  Female,70 years & above,62
Morang,Kosi,Terai,Eastern,2068/69,2011/12,  Male,10-14,126
Morang,Kosi,Terai,Eastern,2068/69,2011/12,  Male,15-19,1312
Morang,Kosi,Terai,Eastern,2068/69,2011/12,  Male,20-29,16057
Morang,Kosi,Terai,Eastern,2068/69,2011/12,  Male,30-39,36463
Morang,Kosi,Terai,Eastern,2068/69,2011/12,  Male,40-49,41332
Morang,Kosi,Terai,Eastern,2068/69,2011/12,  Male,50-59,33362
Morang,Kosi,Terai,Eastern,2068/69,2011/12,  Male,60-69,21148
Morang,Kosi,Terai,Eastern,2068/69,2011/12,  Male,70 years & above,9894
Morang,Kosi,Terai,Eastern,2068/69,2011/12,  Female,10-14,81
Morang,Kosi,Terai,Eastern,2068/69,2011/12,  Female,15-19,798
Morang,Kosi,Terai,Eastern,2068/69,2011/12,  Female,20-29,11215
Morang,Kosi,Terai,Eastern,2068/69,2011/12,  Female,30-39,16233
Morang,Kosi,Terai,Eastern,2068/69,2011/12,  Female,40-49,10913
Morang,Kosi,Terai,Eastern,2068/69,2011/12,  Female,50-59,6955
Morang,Kosi,Terai,Eastern,2068/69,2011/12,  Female,60-69,5443
Morang,Kosi,Terai,Eastern,2068/69,2011/12,  Female,70 years & above,2665
Mugu,Karnali,Mountain,Mid-Western,2068/69,2011/12,  Male,10-14,23
Mugu,Karnali,Mountain,Mid-Western,2068/69,2011/12,  Male,15-19,101
Mugu,Karnali,Mountain,Mid-Western,2068/69,2011/12,  Male,20-29,1321
Mugu,Karnali,Mountain,Mid-Western,2068/69,2011/12,  Male,30-39,2178
Mugu,Karnali,Mountain,Mid-Western,2068/69,2011/12,  Male,40-49,2135
Mugu,Karnali,Mountain,Mid-Western,2068/69,2011/12,  Male,50-59,1563
Mugu,Karnali,Mountain,Mid-Western,2068/69,2011/12,  Male,60-69,1227
Mugu,Karnali,Mountain,Mid-Western,2068/69,2011/12,  Male,70 years & above,329
Mugu,Karnali,Mountain,Mid-Western,2068/69,2011/12,  Female,10-14,3
Mugu,Karnali,Mountain,Mid-Western,2068/69,2011/12,  Female,15-19,10
Mugu,Karnali,Mountain,Mid-Western,2068/69,2011/12,  Female,20-29,64
Mugu,Karnali,Mountain,Mid-Western,2068/69,2011/12,  Female,30-39,104
Mugu,Karnali,Mountain,Mid-Western,2068/69,2011/12,  Female,40-49,148
Mugu,Karnali,Mountain,Mid-Western,2068/69,2011/12,  Female,50-59,142
Mugu,Karnali,Mountain,Mid-Western,2068/69,2011/12,  Female,60-69,218
Mugu,Karnali,Mountain,Mid-Western,2068/69,2011/12,  Female,70 years & above,53
Mustang,Dhawalagiri,Mountain,Western,2068/69,2011/12,  Male,10-14,4
Mustang,Dhawalagiri,Mountain,Western,2068/69,2011/12,  Male,15-19,7
Mustang,Dhawalagiri,Mountain,Western,2068/69,2011/12,  Male,20-29,240
Mustang,Dhawalagiri,Mountain,Western,2068/69,2011/12,  Male,30-39,522
Mustang,Dhawalagiri,Mountain,Western,2068/69,2011/12,  Male,40-49,655
Mustang,Dhawalagiri,Mountain,Western,2068/69,2011/12,  Male,50-59,551
Mustang,Dhawalagiri,Mountain,Western,2068/69,2011/12,  Male,60-69,371
Mustang,Dhawalagiri,Mountain,Western,2068/69,2011/12,  Male,70 years & above,207
Mustang,Dhawalagiri,Mountain,Western,2068/69,2011/12,  Female,10-14,2
Mustang,Dhawalagiri,Mountain,Western,2068/69,2011/12,  Female,15-19,0
Mustang,Dhawalagiri,Mountain,Western,2068/69,2011/12,  Female,20-29,98
Mustang,Dhawalagiri,Mountain,Western,2068/69,2011/12,  Female,30-39,143
Mustang,Dhawalagiri,Mountain,Western,2068/69,2011/12,  Female,40-49,141
Mustang,Dhawalagiri,Mountain,Western,2068/69,2011/12,  Female,50-59,170
Mustang,Dhawalagiri,Mountain,Western,2068/69,2011/12,  Female,60-69,141
Mustang,Dhawalagiri,Mountain,Western,2068/69,2011/12,  Female,70 years & above,102
Myagdi,Dhawalagiri,Hill,Western,2068/69,2011/12,  Male,10-14,13
Myagdi,Dhawalagiri,Hill,Western,2068/69,2011/12,  Male,15-19,141
Myagdi,Dhawalagiri,Hill,Western,2068/69,2011/12,  Male,20-29,1464
Myagdi,Dhawalagiri,Hill,Western,2068/69,2011/12,  Male,30-39,2646
Myagdi,Dhawalagiri,Hill,Western,2068/69,2011/12,  Male,40-49,3430
Myagdi,Dhawalagiri,Hill,Western,2068/69,2011/12,  Male,50-59,3474
Myagdi,Dhawalagiri,Hill,Western,2068/69,2011/12,  Male,60-69,2662
Myagdi,Dhawalagiri,Hill,Western,2068/69,2011/12,  Male,70 years & above,1856
Myagdi,Dhawalagiri,Hill,Western,2068/69,2011/12,  Female,10-14,11
Myagdi,Dhawalagiri,Hill,Western,2068/69,2011/12,  Female,15-19,274
Myagdi,Dhawalagiri,Hill,Western,2068/69,2011/12,  Female,20-29,2922
Myagdi,Dhawalagiri,Hill,Western,2068/69,2011/12,  Female,30-39,3212
Myagdi,Dhawalagiri,Hill,Western,2068/69,2011/12,  Female,40-49,2160
Myagdi,Dhawalagiri,Hill,Western,2068/69,2011/12,  Female,50-59,1366
Myagdi,Dhawalagiri,Hill,Western,2068/69,2011/12,  Female,60-69,1247
Myagdi,Dhawalagiri,Hill,Western,2068/69,2011/12,  Female,70 years & above,884
Nawalparasi,Lumbini,Terai,Western,2068/69,2011/12,  Male,10-14,66
Nawalparasi,Lumbini,Terai,Western,2068/69,2011/12,  Male,15-19,474
Nawalparasi,Lumbini,Terai,Western,2068/69,2011/12,  Male,20-29,7268
Nawalparasi,Lumbini,Terai,Western,2068/69,2011/12,  Male,30-39,18716
Nawalparasi,Lumbini,Terai,Western,2068/69,2011/12,  Male,40-49,23621
Nawalparasi,Lumbini,Terai,Western,2068/69,2011/12,  Male,50-59,19999
Nawalparasi,Lumbini,Terai,Western,2068/69,2011/12,  Male,60-69,14316
Nawalparasi,Lumbini,Terai,Western,2068/69,2011/12,  Male,70 years & above,7038
Nawalparasi,Lumbini,Terai,Western,2068/69,2011/12,  Female,10-14,52
Nawalparasi,Lumbini,Terai,Western,2068/69,2011/12,  Female,15-19,422
Nawalparasi,Lumbini,Terai,Western,2068/69,2011/12,  Female,20-29,8232
Nawalparasi,Lumbini,Terai,Western,2068/69,2011/12,  Female,30-39,12346
Nawalparasi,Lumbini,Terai,Western,2068/69,2011/12,  Female,40-49,6896
Nawalparasi,Lumbini,Terai,Western,2068/69,2011/12,  Female,50-59,4158
Nawalparasi,Lumbini,Terai,Western,2068/69,2011/12,  Female,60-69,3493
Nawalparasi,Lumbini,Terai,Western,2068/69,2011/12,  Female,70 years & above,1696
Nuwakot,Bagmati,Hill,Central,2068/69,2011/12,  Male,10-14,39
Nuwakot,Bagmati,Hill,Central,2068/69,2011/12,  Male,15-19,203
Nuwakot,Bagmati,Hill,Central,2068/69,2011/12,  Male,20-29,3932
Nuwakot,Bagmati,Hill,Central,2068/69,2011/12,  Male,30-39,8794
Nuwakot,Bagmati,Hill,Central,2068/69,2011/12,  Male,40-49,11552
Nuwakot,Bagmati,Hill,Central,2068/69,2011/12,  Male,50-59,10298
Nuwakot,Bagmati,Hill,Central,2068/69,2011/12,  Male,60-69,7123
Nuwakot,Bagmati,Hill,Central,2068/69,2011/12,  Male,70 years & above,4662
Nuwakot,Bagmati,Hill,Central,2068/69,2011/12,  Female,10-14,29
Nuwakot,Bagmati,Hill,Central,2068/69,2011/12,  Female,15-19,180
Nuwakot,Bagmati,Hill,Central,2068/69,2011/12,  Female,20-29,2267
Nuwakot,Bagmati,Hill,Central,2068/69,2011/12,  Female,30-39,3069
Nuwakot,Bagmati,Hill,Central,2068/69,2011/12,  Female,40-49,2349
Nuwakot,Bagmati,Hill,Central,2068/69,2011/12,  Female,50-59,1782
Nuwakot,Bagmati,Hill,Central,2068/69,2011/12,  Female,60-69,1608
Nuwakot,Bagmati,Hill,Central,2068/69,2011/12,  Female,70 years & above,1328
Okhaldhunga,Sagarmatha,Hill,Eastern,2068/69,2011/12,  Male,10-14,17
Okhaldhunga,Sagarmatha,Hill,Eastern,2068/69,2011/12,  Male,15-19,127
Okhaldhunga,Sagarmatha,Hill,Eastern,2068/69,2011/12,  Male,20-29,1832
Okhaldhunga,Sagarmatha,Hill,Eastern,2068/69,2011/12,  Male,30-39,4040
Okhaldhunga,Sagarmatha,Hill,Eastern,2068/69,2011/12,  Male,40-49,5709
Okhaldhunga,Sagarmatha,Hill,Eastern,2068/69,2011/12,  Male,50-59,5216
Okhaldhunga,Sagarmatha,Hill,Eastern,2068/69,2011/12,  Male,60-69,3794
Okhaldhunga,Sagarmatha,Hill,Eastern,2068/69,2011/12,  Male,70 years & above,2538
Okhaldhunga,Sagarmatha,Hill,Eastern,2068/69,2011/12,  Female,10-14,10
Okhaldhunga,Sagarmatha,Hill,Eastern,2068/69,2011/12,  Female,15-19,119
Okhaldhunga,Sagarmatha,Hill,Eastern,2068/69,2011/12,  Female,20-29,1718
Okhaldhunga,Sagarmatha,Hill,Eastern,2068/69,2011/12,  Female,30-39,2113
Okhaldhunga,Sagarmatha,Hill,Eastern,2068/69,2011/12,  Female,40-49,1747
Okhaldhunga,Sagarmatha,Hill,Eastern,2068/69,2011/12,  Female,50-59,1263
Okhaldhunga,Sagarmatha,Hill,Eastern,2068/69,2011/12,  Female,60-69,1264
Okhaldhunga,Sagarmatha,Hill,Eastern,2068/69,2011/12,  Female,70 years & above,995
Palpa,Lumbini,Hill,Western,2068/69,2011/12,  Male,10-14,78
Palpa,Lumbini,Hill,Western,2068/69,2011/12,  Male,15-19,526
Palpa,Lumbini,Hill,Western,2068/69,2011/12,  Male,20-29,2716
Palpa,Lumbini,Hill,Western,2068/69,2011/12,  Male,30-39,5581
Palpa,Lumbini,Hill,Western,2068/69,2011/12,  Male,40-49,8108
Palpa,Lumbini,Hill,Western,2068/69,2011/12,  Male,50-59,8496
Palpa,Lumbini,Hill,Western,2068/69,2011/12,  Male,60-69,6067
Palpa,Lumbini,Hill,Western,2068/69,2011/12,  Male,70 years & above,3622
Palpa,Lumbini,Hill,Western,2068/69,2011/12,  Female,10-14,58
Palpa,Lumbini,Hill,Western,2068/69,2011/12,  Female,15-19,558
Palpa,Lumbini,Hill,Western,2068/69,2011/12,  Female,20-29,5310
Palpa,Lumbini,Hill,Western,2068/69,2011/12,  Female,30-39,6910
Palpa,Lumbini,Hill,Western,2068/69,2011/12,  Female,40-49,4592
Palpa,Lumbini,Hill,Western,2068/69,2011/12,  Female,50-59,2850
Palpa,Lumbini,Hill,Western,2068/69,2011/12,  Female,60-69,2512
Palpa,Lumbini,Hill,Western,2068/69,2011/12,  Female,70 years & above,1307
Panchthar,Mechi,Hill,Eastern,2068/69,2011/12,  Male,10-14,41
Panchthar,Mechi,Hill,Eastern,2068/69,2011/12,  Male,15-19,221
Panchthar,Mechi,Hill,Eastern,2068/69,2011/12,  Male,20-29,2850
Panchthar,Mechi,Hill,Eastern,2068/69,2011/12,  Male,30-39,5563
Panchthar,Mechi,Hill,Eastern,2068/69,2011/12,  Male,40-49,7601
Panchthar,Mechi,Hill,Eastern,2068/69,2011/12,  Male,50-59,6891
Panchthar,Mechi,Hill,Eastern,2068/69,2011/12,  Male,60-69,4208
Panchthar,Mechi,Hill,Eastern,2068/69,2011/12,  Male,70 years & above,2480
Panchthar,Mechi,Hill,Eastern,2068/69,2011/12,  Female,10-14,35
Panchthar,Mechi,Hill,Eastern,2068/69,2011/12,  Female,15-19,228
Panchthar,Mechi,Hill,Eastern,2068/69,2011/12,  Female,20-29,2743
Panchthar,Mechi,Hill,Eastern,2068/69,2011/12,  Female,30-39,3020
Panchthar,Mechi,Hill,Eastern,2068/69,2011/12,  Female,40-49,2139
Panchthar,Mechi,Hill,Eastern,2068/69,2011/12,  Female,50-59,1415
Panchthar,Mechi,Hill,Eastern,2068/69,2011/12,  Female,60-69,1066
Panchthar,Mechi,Hill,Eastern,2068/69,2011/12,  Female,70 years & above,695
Parbat,Dhawalagiri,Hill,Western,2068/69,2011/12,  Male,10-14,11
Parbat,Dhawalagiri,Hill,Western,2068/69,2011/12,  Male,15-19,145
Parbat,Dhawalagiri,Hill,Western,2068/69,2011/12,  Male,20-29,1450
Parbat,Dhawalagiri,Hill,Western,2068/69,2011/12,  Male,30-39,3307
Parbat,Dhawalagiri,Hill,Western,2068/69,2011/12,  Male,40-49,4434
Parbat,Dhawalagiri,Hill,Western,2068/69,2011/12,  Male,50-59,5006
Parbat,Dhawalagiri,Hill,Western,2068/69,2011/12,  Male,60-69,4032
Parbat,Dhawalagiri,Hill,Western,2068/69,2011/12,  Male,70 years & above,2867
Parbat,Dhawalagiri,Hill,Western,2068/69,2011/12,  Female,10-14,11
Parbat,Dhawalagiri,Hill,Western,2068/69,2011/12,  Female,15-19,190
Parbat,Dhawalagiri,Hill,Western,2068/69,2011/12,  Female,20-29,3072
Parbat,Dhawalagiri,Hill,Western,2068/69,2011/12,  Female,30-39,3840
Parbat,Dhawalagiri,Hill,Western,2068/69,2011/12,  Female,40-49,2647
Parbat,Dhawalagiri,Hill,Western,2068/69,2011/12,  Female,50-59,1690
Parbat,Dhawalagiri,Hill,Western,2068/69,2011/12,  Female,60-69,1838
Parbat,Dhawalagiri,Hill,Western,2068/69,2011/12,  Female,70 years & above,1179
Parsa,Narayani,Terai,Central,2068/69,2011/12,  Male,10-14,132
Parsa,Narayani,Terai,Central,2068/69,2011/12,  Male,15-19,851
Parsa,Narayani,Terai,Central,2068/69,2011/12,  Male,20-29,8280
Parsa,Narayani,Terai,Central,2068/69,2011/12,  Male,30-39,21378
Parsa,Narayani,Terai,Central,2068/69,2011/12,  Male,40-49,24168
Parsa,Narayani,Terai,Central,2068/69,2011/12,  Male,50-59,17974
Parsa,Narayani,Terai,Central,2068/69,2011/12,  Male,60-69,12177
Parsa,Narayani,Terai,Central,2068/69,2011/12,  Male,70 years & above,5170
Parsa,Narayani,Terai,Central,2068/69,2011/12,  Female,10-14,15
Parsa,Narayani,Terai,Central,2068/69,2011/12,  Female,15-19,80
Parsa,Narayani,Terai,Central,2068/69,2011/12,  Female,20-29,718
Parsa,Narayani,Terai,Central,2068/69,2011/12,  Female,30-39,1238
Parsa,Narayani,Terai,Central,2068/69,2011/12,  Female,40-49,1166
Parsa,Narayani,Terai,Central,2068/69,2011/12,  Female,50-59,807
Parsa,Narayani,Terai,Central,2068/69,2011/12,  Female,60-69,893
Parsa,Narayani,Terai,Central,2068/69,2011/12,  Female,70 years & above,489
Pyuthan,Rapti,Hill,Mid-Western,2068/69,2011/12,  Male,10-14,36
Pyuthan,Rapti,Hill,Mid-Western,2068/69,2011/12,  Male,15-19,183
Pyuthan,Rapti,Hill,Mid-Western,2068/69,2011/12,  Male,20-29,2119
Pyuthan,Rapti,Hill,Mid-Western,2068/69,2011/12,  Male,30-39,4331
Pyuthan,Rapti,Hill,Mid-Western,2068/69,2011/12,  Male,40-49,5710
Pyuthan,Rapti,Hill,Mid-Western,2068/69,2011/12,  Male,50-59,5894
Pyuthan,Rapti,Hill,Mid-Western,2068/69,2011/12,  Male,60-69,4523
Pyuthan,Rapti,Hill,Mid-Western,2068/69,2011/12,  Male,70 years & above,2412
Pyuthan,Rapti,Hill,Mid-Western,2068/69,2011/12,  Female,10-14,37
Pyuthan,Rapti,Hill,Mid-Western,2068/69,2011/12,  Female,15-19,390
Pyuthan,Rapti,Hill,Mid-Western,2068/69,2011/12,  Female,20-29,5420
Pyuthan,Rapti,Hill,Mid-Western,2068/69,2011/12,  Female,30-39,6208
Pyuthan,Rapti,Hill,Mid-Western,2068/69,2011/12,  Female,40-49,4271
Pyuthan,Rapti,Hill,Mid-Western,2068/69,2011/12,  Female,50-59,2800
Pyuthan,Rapti,Hill,Mid-Western,2068/69,2011/12,  Female,60-69,2298
Pyuthan,Rapti,Hill,Mid-Western,2068/69,2011/12,  Female,70 years & above,1098
Ramechhap,Janakpur,Hill,Central,2068/69,2011/12,  Male,10-14,30
Ramechhap,Janakpur,Hill,Central,2068/69,2011/12,  Male,15-19,126
Ramechhap,Janakpur,Hill,Central,2068/69,2011/12,  Male,20-29,2144
Ramechhap,Janakpur,Hill,Central,2068/69,2011/12,  Male,30-39,5131
Ramechhap,Janakpur,Hill,Central,2068/69,2011/12,  Male,40-49,7577
Ramechhap,Janakpur,Hill,Central,2068/69,2011/12,  Male,50-59,7331
Ramechhap,Janakpur,Hill,Central,2068/69,2011/12,  Male,60-69,5384
Ramechhap,Janakpur,Hill,Central,2068/69,2011/12,  Male,70 years & above,3864
Ramechhap,Janakpur,Hill,Central,2068/69,2011/12,  Female,10-14,32
Ramechhap,Janakpur,Hill,Central,2068/69,2011/12,  Female,15-19,139
Ramechhap,Janakpur,Hill,Central,2068/69,2011/12,  Female,20-29,1742
Ramechhap,Janakpur,Hill,Central,2068/69,2011/12,  Female,30-39,2717
Ramechhap,Janakpur,Hill,Central,2068/69,2011/12,  Female,40-49,2346
Ramechhap,Janakpur,Hill,Central,2068/69,2011/12,  Female,50-59,1831
Ramechhap,Janakpur,Hill,Central,2068/69,2011/12,  Female,60-69,1892
Ramechhap,Janakpur,Hill,Central,2068/69,2011/12,  Female,70 years & above,1624
Rasuwa,Bagmati,Mountain,Central,2068/69,2011/12,  Male,10-14,15
Rasuwa,Bagmati,Mountain,Central,2068/69,2011/12,  Male,15-19,76
Rasuwa,Bagmati,Mountain,Central,2068/69,2011/12,  Male,20-29,714
Rasuwa,Bagmati,Mountain,Central,2068/69,2011/12,  Male,30-39,1602
Rasuwa,Bagmati,Mountain,Central,2068/69,2011/12,  Male,40-49,1944
Rasuwa,Bagmati,Mountain,Central,2068/69,2011/12,  Male,50-59,1607
Rasuwa,Bagmati,Mountain,Central,2068/69,2011/12,  Male,60-69,1011
Rasuwa,Bagmati,Mountain,Central,2068/69,2011/12,  Male,70 years & above,610
Rasuwa,Bagmati,Mountain,Central,2068/69,2011/12,  Female,10-14,14
Rasuwa,Bagmati,Mountain,Central,2068/69,2011/12,  Female,15-19,73
Rasuwa,Bagmati,Mountain,Central,2068/69,2011/12,  Female,20-29,440
Rasuwa,Bagmati,Mountain,Central,2068/69,2011/12,  Female,30-39,597
Rasuwa,Bagmati,Mountain,Central,2068/69,2011/12,  Female,40-49,415
Rasuwa,Bagmati,Mountain,Central,2068/69,2011/12,  Female,50-59,262
Rasuwa,Bagmati,Mountain,Central,2068/69,2011/12,  Female,60-69,238
Rasuwa,Bagmati,Mountain,Central,2068/69,2011/12,  Female,70 years & above,160
Rautahat,Narayani,Terai,Central,2068/69,2011/12,  Male,10-14,135
Rautahat,Narayani,Terai,Central,2068/69,2011/12,  Male,15-19,542
Rautahat,Narayani,Terai,Central,2068/69,2011/12,  Male,20-29,8855
Rautahat,Narayani,Terai,Central,2068/69,2011/12,  Male,30-39,23544
Rautahat,Narayani,Terai,Central,2068/69,2011/12,  Male,40-49,26661
Rautahat,Narayani,Terai,Central,2068/69,2011/12,  Male,50-59,18937
Rautahat,Narayani,Terai,Central,2068/69,2011/12,  Male,60-69,14908
Rautahat,Narayani,Terai,Central,2068/69,2011/12,  Male,70 years & above,6988
Rautahat,Narayani,Terai,Central,2068/69,2011/12,  Female,10-14,9
Rautahat,Narayani,Terai,Central,2068/69,2011/12,  Female,15-19,47
Rautahat,Narayani,Terai,Central,2068/69,2011/12,  Female,20-29,714
Rautahat,Narayani,Terai,Central,2068/69,2011/12,  Female,30-39,1372
Rautahat,Narayani,Terai,Central,2068/69,2011/12,  Female,40-49,1222
Rautahat,Narayani,Terai,Central,2068/69,2011/12,  Female,50-59,911
Rautahat,Narayani,Terai,Central,2068/69,2011/12,  Female,60-69,1089
Rautahat,Narayani,Terai,Central,2068/69,2011/12,  Female,70 years & above,734
Rolpa,Rapti,Hill,Mid-Western,2068/69,2011/12,  Male,10-14,54
Rolpa,Rapti,Hill,Mid-Western,2068/69,2011/12,  Male,15-19,335
Rolpa,Rapti,Hill,Mid-Western,2068/69,2011/12,  Male,20-29,3205
Rolpa,Rapti,Hill,Mid-Western,2068/69,2011/12,  Male,30-39,5608
Rolpa,Rapti,Hill,Mid-Western,2068/69,2011/12,  Male,40-49,6839
Rolpa,Rapti,Hill,Mid-Western,2068/69,2011/12,  Male,50-59,6509
Rolpa,Rapti,Hill,Mid-Western,2068/69,2011/12,  Male,60-69,4647
Rolpa,Rapti,Hill,Mid-Western,2068/69,2011/12,  Male,70 years & above,2087
Rolpa,Rapti,Hill,Mid-Western,2068/69,2011/12,  Female,10-14,31
Rolpa,Rapti,Hill,Mid-Western,2068/69,2011/12,  Female,15-19,303
Rolpa,Rapti,Hill,Mid-Western,2068/69,2011/12,  Female,20-29,3536
Rolpa,Rapti,Hill,Mid-Western,2068/69,2011/12,  Female,30-39,4219
Rolpa,Rapti,Hill,Mid-Western,2068/69,2011/12,  Female,40-49,2616
Rolpa,Rapti,Hill,Mid-Western,2068/69,2011/12,  Female,50-59,1644
Rolpa,Rapti,Hill,Mid-Western,2068/69,2011/12,  Female,60-69,1391
Rolpa,Rapti,Hill,Mid-Western,2068/69,2011/12,  Female,70 years & above,733
Rukum,Rapti,Hill,Mid-Western,2068/69,2011/12,  Male,10-14,90
Rukum,Rapti,Hill,Mid-Western,2068/69,2011/12,  Male,15-19,526
Rukum,Rapti,Hill,Mid-Western,2068/69,2011/12,  Male,20-29,5352
Rukum,Rapti,Hill,Mid-Western,2068/69,2011/12,  Male,30-39,7454
Rukum,Rapti,Hill,Mid-Western,2068/69,2011/12,  Male,40-49,7073
Rukum,Rapti,Hill,Mid-Western,2068/69,2011/12,  Male,50-59,5683
Rukum,Rapti,Hill,Mid-Western,2068/69,2011/12,  Male,60-69,3673
Rukum,Rapti,Hill,Mid-Western,2068/69,2011/12,  Male,70 years & above,1356
Rukum,Rapti,Hill,Mid-Western,2068/69,2011/12,  Female,10-14,37
Rukum,Rapti,Hill,Mid-Western,2068/69,2011/12,  Female,15-19,326
Rukum,Rapti,Hill,Mid-Western,2068/69,2011/12,  Female,20-29,3089
Rukum,Rapti,Hill,Mid-Western,2068/69,2011/12,  Female,30-39,2970
Rukum,Rapti,Hill,Mid-Western,2068/69,2011/12,  Female,40-49,1843
Rukum,Rapti,Hill,Mid-Western,2068/69,2011/12,  Female,50-59,1111
Rukum,Rapti,Hill,Mid-Western,2068/69,2011/12,  Female,60-69,951
Rukum,Rapti,Hill,Mid-Western,2068/69,2011/12,  Female,70 years & above,322
Rupandehi,Lumbini,Terai,Western,2068/69,2011/12,  Male,10-14,101
Rupandehi,Lumbini,Terai,Western,2068/69,2011/12,  Male,15-19,1076
Rupandehi,Lumbini,Terai,Western,2068/69,2011/12,  Male,20-29,11864
Rupandehi,Lumbini,Terai,Western,2068/69,2011/12,  Male,30-39,25928
Rupandehi,Lumbini,Terai,Western,2068/69,2011/12,  Male,40-49,30628
Rupandehi,Lumbini,Terai,Western,2068/69,2011/12,  Male,50-59,25733
Rupandehi,Lumbini,Terai,Western,2068/69,2011/12,  Male,60-69,17999
Rupandehi,Lumbini,Terai,Western,2068/69,2011/12,  Male,70 years & above,9681
Rupandehi,Lumbini,Terai,Western,2068/69,2011/12,  Female,10-14,47
Rupandehi,Lumbini,Terai,Western,2068/69,2011/12,  Female,15-19,501
Rupandehi,Lumbini,Terai,Western,2068/69,2011/12,  Female,20-29,8448
Rupandehi,Lumbini,Terai,Western,2068/69,2011/12,  Female,30-39,12758
Rupandehi,Lumbini,Terai,Western,2068/69,2011/12,  Female,40-49,7625
Rupandehi,Lumbini,Terai,Western,2068/69,2011/12,  Female,50-59,4973
Rupandehi,Lumbini,Terai,Western,2068/69,2011/12,  Female,60-69,4243
Rupandehi,Lumbini,Terai,Western,2068/69,2011/12,  Female,70 years & above,2311
Salyan,Rapti,Hill,Mid-Western,2068/69,2011/12,  Male,10-14,63
Salyan,Rapti,Hill,Mid-Western,2068/69,2011/12,  Male,15-19,442
Salyan,Rapti,Hill,Mid-Western,2068/69,2011/12,  Male,20-29,5370
Salyan,Rapti,Hill,Mid-Western,2068/69,2011/12,  Male,30-39,8657
Salyan,Rapti,Hill,Mid-Western,2068/69,2011/12,  Male,40-49,8291
Salyan,Rapti,Hill,Mid-Western,2068/69,2011/12,  Male,50-59,7089
Salyan,Rapti,Hill,Mid-Western,2068/69,2011/12,  Male,60-69,4366
Salyan,Rapti,Hill,Mid-Western,2068/69,2011/12,  Male,70 years & above,1472
Salyan,Rapti,Hill,Mid-Western,2068/69,2011/12,  Female,10-14,27
Salyan,Rapti,Hill,Mid-Western,2068/69,2011/12,  Female,15-19,267
Salyan,Rapti,Hill,Mid-Western,2068/69,2011/12,  Female,20-29,3213
Salyan,Rapti,Hill,Mid-Western,2068/69,2011/12,  Female,30-39,3068
Salyan,Rapti,Hill,Mid-Western,2068/69,2011/12,  Female,40-49,1687
Salyan,Rapti,Hill,Mid-Western,2068/69,2011/12,  Female,50-59,1082
Salyan,Rapti,Hill,Mid-Western,2068/69,2011/12,  Female,60-69,1068
Salyan,Rapti,Hill,Mid-Western,2068/69,2011/12,  Female,70 years & above,394
Sankhuwasabha,Kosi,Mountain,Eastern,2068/69,2011/12,  Male,10-14,33
Sankhuwasabha,Kosi,Mountain,Eastern,2068/69,2011/12,  Male,15-19,209
Sankhuwasabha,Kosi,Mountain,Eastern,2068/69,2011/12,  Male,20-29,2557
Sankhuwasabha,Kosi,Mountain,Eastern,2068/69,2011/12,  Male,30-39,5045
Sankhuwasabha,Kosi,Mountain,Eastern,2068/69,2011/12,  Male,40-49,5994
Sankhuwasabha,Kosi,Mountain,Eastern,2068/69,2011/12,  Male,50-59,5670
Sankhuwasabha,Kosi,Mountain,Eastern,2068/69,2011/12,  Male,60-69,3565
Sankhuwasabha,Kosi,Mountain,Eastern,2068/69,2011/12,  Male,70 years & above,2051
Sankhuwasabha,Kosi,Mountain,Eastern,2068/69,2011/12,  Female,10-14,18
Sankhuwasabha,Kosi,Mountain,Eastern,2068/69,2011/12,  Female,15-19,171
Sankhuwasabha,Kosi,Mountain,Eastern,2068/69,2011/12,  Female,20-29,2109
Sankhuwasabha,Kosi,Mountain,Eastern,2068/69,2011/12,  Female,30-39,2180
Sankhuwasabha,Kosi,Mountain,Eastern,2068/69,2011/12,  Female,40-49,1613
Sankhuwasabha,Kosi,Mountain,Eastern,2068/69,2011/12,  Female,50-59,1435
Sankhuwasabha,Kosi,Mountain,Eastern,2068/69,2011/12,  Female,60-69,1160
Sankhuwasabha,Kosi,Mountain,Eastern,2068/69,2011/12,  Female,70 years & above,814
Saptari,Sagarmatha,Terai,Eastern,2068/69,2011/12,  Male,10-14,147
Saptari,Sagarmatha,Terai,Eastern,2068/69,2011/12,  Male,15-19,791
Saptari,Sagarmatha,Terai,Eastern,2068/69,2011/12,  Male,20-29,9070
Saptari,Sagarmatha,Terai,Eastern,2068/69,2011/12,  Male,30-39,21932
Saptari,Sagarmatha,Terai,Eastern,2068/69,2011/12,  Male,40-49,26510
Saptari,Sagarmatha,Terai,Eastern,2068/69,2011/12,  Male,50-59,22328
Saptari,Sagarmatha,Terai,Eastern,2068/69,2011/12,  Male,60-69,15288
Saptari,Sagarmatha,Terai,Eastern,2068/69,2011/12,  Male,70 years & above,6472
Saptari,Sagarmatha,Terai,Eastern,2068/69,2011/12,  Female,10-14,35
Saptari,Sagarmatha,Terai,Eastern,2068/69,2011/12,  Female,15-19,250
Saptari,Sagarmatha,Terai,Eastern,2068/69,2011/12,  Female,20-29,3422
Saptari,Sagarmatha,Terai,Eastern,2068/69,2011/12,  Female,30-39,5917
Saptari,Sagarmatha,Terai,Eastern,2068/69,2011/12,  Female,40-49,3647
Saptari,Sagarmatha,Terai,Eastern,2068/69,2011/12,  Female,50-59,2070
Saptari,Sagarmatha,Terai,Eastern,2068/69,2011/12,  Female,60-69,2181
Saptari,Sagarmatha,Terai,Eastern,2068/69,2011/12,  Female,70 years & above,1038
Sarlahi,Janakpur,Terai,Central,2068/69,2011/12,  Male,10-14,154
Sarlahi,Janakpur,Terai,Central,2068/69,2011/12,  Male,15-19,656
Sarlahi,Janakpur,Terai,Central,2068/69,2011/12,  Male,20-29,10132
Sarlahi,Janakpur,Terai,Central,2068/69,2011/12,  Male,30-39,28055
Sarlahi,Janakpur,Terai,Central,2068/69,2011/12,  Male,40-49,31897
Sarlahi,Janakpur,Terai,Central,2068/69,2011/12,  Male,50-59,23664
Sarlahi,Janakpur,Terai,Central,2068/69,2011/12,  Male,60-69,16338
Sarlahi,Janakpur,Terai,Central,2068/69,2011/12,  Male,70 years & above,7211
Sarlahi,Janakpur,Terai,Central,2068/69,2011/12,  Female,10-14,19
Sarlahi,Janakpur,Terai,Central,2068/69,2011/12,  Female,15-19,159
Sarlahi,Janakpur,Terai,Central,2068/69,2011/12,  Female,20-29,2680
Sarlahi,Janakpur,Terai,Central,2068/69,2011/12,  Female,30-39,4141
Sarlahi,Janakpur,Terai,Central,2068/69,2011/12,  Female,40-49,2784
Sarlahi,Janakpur,Terai,Central,2068/69,2011/12,  Female,50-59,1888
Sarlahi,Janakpur,Terai,Central,2068/69,2011/12,  Female,60-69,2016
Sarlahi,Janakpur,Terai,Central,2068/69,2011/12,  Female,70 years & above,1050
Sindhuli,Janakpur,Hill,Central,2068/69,2011/12,  Male,10-14,50
Sindhuli,Janakpur,Hill,Central,2068/69,2011/12,  Male,15-19,348
Sindhuli,Janakpur,Hill,Central,2068/69,2011/12,  Male,20-29,4709
Sindhuli,Janakpur,Hill,Central,2068/69,2011/12,  Male,30-39,9414
Sindhuli,Janakpur,Hill,Central,2068/69,2011/12,  Male,40-49,11288
Sindhuli,Janakpur,Hill,Central,2068/69,2011/12,  Male,50-59,8815
Sindhuli,Janakpur,Hill,Central,2068/69,2011/12,  Male,60-69,5814
Sindhuli,Janakpur,Hill,Central,2068/69,2011/12,  Male,70 years & above,2995
Sindhuli,Janakpur,Hill,Central,2068/69,2011/12,  Female,10-14,41
Sindhuli,Janakpur,Hill,Central,2068/69,2011/12,  Female,15-19,298
Sindhuli,Janakpur,Hill,Central,2068/69,2011/12,  Female,20-29,3448
Sindhuli,Janakpur,Hill,Central,2068/69,2011/12,  Female,30-39,3837
Sindhuli,Janakpur,Hill,Central,2068/69,2011/12,  Female,40-49,2441
Sindhuli,Janakpur,Hill,Central,2068/69,2011/12,  Female,50-59,1673
Sindhuli,Janakpur,Hill,Central,2068/69,2011/12,  Female,60-69,1503
Sindhuli,Janakpur,Hill,Central,2068/69,2011/12,  Female,70 years & above,907
Sindhupalchok,Bagmati,Mountain,Central,2068/69,2011/12,  Male,10-14,32
Sindhupalchok,Bagmati,Mountain,Central,2068/69,2011/12,  Male,15-19,326
Sindhupalchok,Bagmati,Mountain,Central,2068/69,2011/12,  Male,20-29,5040
Sindhupalchok,Bagmati,Mountain,Central,2068/69,2011/12,  Male,30-39,9974
Sindhupalchok,Bagmati,Mountain,Central,2068/69,2011/12,  Male,40-49,12010
Sindhupalchok,Bagmati,Mountain,Central,2068/69,2011/12,  Male,50-59,10807
Sindhupalchok,Bagmati,Mountain,Central,2068/69,2011/12,  Male,60-69,7596
Sindhupalchok,Bagmati,Mountain,Central,2068/69,2011/12,  Male,70 years & above,4866
Sindhupalchok,Bagmati,Mountain,Central,2068/69,2011/12,  Female,10-14,26
Sindhupalchok,Bagmati,Mountain,Central,2068/69,2011/12,  Female,15-19,229
Sindhupalchok,Bagmati,Mountain,Central,2068/69,2011/12,  Female,20-29,2832
Sindhupalchok,Bagmati,Mountain,Central,2068/69,2011/12,  Female,30-39,3885
Sindhupalchok,Bagmati,Mountain,Central,2068/69,2011/12,  Female,40-49,2970
Sindhupalchok,Bagmati,Mountain,Central,2068/69,2011/12,  Female,50-59,2276
Sindhupalchok,Bagmati,Mountain,Central,2068/69,2011/12,  Female,60-69,2109
Sindhupalchok,Bagmati,Mountain,Central,2068/69,2011/12,  Female,70 years & above,1710
Siraha,Sagarmatha,Terai,Eastern,2068/69,2011/12,  Male,10-14,145
Siraha,Sagarmatha,Terai,Eastern,2068/69,2011/12,  Male,15-19,703
Siraha,Sagarmatha,Terai,Eastern,2068/69,2011/12,  Male,20-29,7158
Siraha,Sagarmatha,Terai,Eastern,2068/69,2011/12,  Male,30-39,19107
Siraha,Sagarmatha,Terai,Eastern,2068/69,2011/12,  Male,40-49,24571
Siraha,Sagarmatha,Terai,Eastern,2068/69,2011/12,  Male,50-59,21470
Siraha,Sagarmatha,Terai,Eastern,2068/69,2011/12,  Male,60-69,14535
Siraha,Sagarmatha,Terai,Eastern,2068/69,2011/12,  Male,70 years & above,5776
Siraha,Sagarmatha,Terai,Eastern,2068/69,2011/12,  Female,10-14,11
Siraha,Sagarmatha,Terai,Eastern,2068/69,2011/12,  Female,15-19,226
Siraha,Sagarmatha,Terai,Eastern,2068/69,2011/12,  Female,20-29,4821
Siraha,Sagarmatha,Terai,Eastern,2068/69,2011/12,  Female,30-39,8678
Siraha,Sagarmatha,Terai,Eastern,2068/69,2011/12,  Female,40-49,4579
Siraha,Sagarmatha,Terai,Eastern,2068/69,2011/12,  Female,50-59,2487
Siraha,Sagarmatha,Terai,Eastern,2068/69,2011/12,  Female,60-69,2511
Siraha,Sagarmatha,Terai,Eastern,2068/69,2011/12,  Female,70 years & above,1184
Solukhumbu,Sagarmatha,Mountain,Eastern,2068/69,2011/12,  Male,10-14,19
Solukhumbu,Sagarmatha,Mountain,Eastern,2068/69,2011/12,  Male,15-19,135
Solukhumbu,Sagarmatha,Mountain,Eastern,2068/69,2011/12,  Male,20-29,2168
Solukhumbu,Sagarmatha,Mountain,Eastern,2068/69,2011/12,  Male,30-39,3784
Solukhumbu,Sagarmatha,Mountain,Eastern,2068/69,2011/12,  Male,40-49,4371
Solukhumbu,Sagarmatha,Mountain,Eastern,2068/69,2011/12,  Male,50-59,3872
Solukhumbu,Sagarmatha,Mountain,Eastern,2068/69,2011/12,  Male,60-69,2508
Solukhumbu,Sagarmatha,Mountain,Eastern,2068/69,2011/12,  Male,70 years & above,1489
Solukhumbu,Sagarmatha,Mountain,Eastern,2068/69,2011/12,  Female,10-14,10
Solukhumbu,Sagarmatha,Mountain,Eastern,2068/69,2011/12,  Female,15-19,95
Solukhumbu,Sagarmatha,Mountain,Eastern,2068/69,2011/12,  Female,20-29,918
Solukhumbu,Sagarmatha,Mountain,Eastern,2068/69,2011/12,  Female,30-39,1057
Solukhumbu,Sagarmatha,Mountain,Eastern,2068/69,2011/12,  Female,40-49,1080
Solukhumbu,Sagarmatha,Mountain,Eastern,2068/69,2011/12,  Female,50-59,892
Solukhumbu,Sagarmatha,Mountain,Eastern,2068/69,2011/12,  Female,60-69,808
Solukhumbu,Sagarmatha,Mountain,Eastern,2068/69,2011/12,  Female,70 years & above,579
Sunsari,Kosi,Terai,Eastern,2068/69,2011/12,  Male,10-14,84
Sunsari,Kosi,Terai,Eastern,2068/69,2011/12,  Male,15-19,977
Sunsari,Kosi,Terai,Eastern,2068/69,2011/12,  Male,20-29,13384
Sunsari,Kosi,Terai,Eastern,2068/69,2011/12,  Male,30-39,29422
Sunsari,Kosi,Terai,Eastern,2068/69,2011/12,  Male,40-49,31082
Sunsari,Kosi,Terai,Eastern,2068/69,2011/12,  Male,50-59,23785
Sunsari,Kosi,Terai,Eastern,2068/69,2011/12,  Male,60-69,14683
Sunsari,Kosi,Terai,Eastern,2068/69,2011/12,  Male,70 years & above,6731
Sunsari,Kosi,Terai,Eastern,2068/69,2011/12,  Female,10-14,61
Sunsari,Kosi,Terai,Eastern,2068/69,2011/12,  Female,15-19,690
Sunsari,Kosi,Terai,Eastern,2068/69,2011/12,  Female,20-29,9805
Sunsari,Kosi,Terai,Eastern,2068/69,2011/12,  Female,30-39,12386
Sunsari,Kosi,Terai,Eastern,2068/69,2011/12,  Female,40-49,7846
Sunsari,Kosi,Terai,Eastern,2068/69,2011/12,  Female,50-59,5151
Sunsari,Kosi,Terai,Eastern,2068/69,2011/12,  Female,60-69,4154
Sunsari,Kosi,Terai,Eastern,2068/69,2011/12,  Female,70 years & above,2166
Surkhet,Bheri,Hill,Mid-Western,2068/69,2011/12,  Male,10-14,98
Surkhet,Bheri,Hill,Mid-Western,2068/69,2011/12,  Male,15-19,830
Surkhet,Bheri,Hill,Mid-Western,2068/69,2011/12,  Male,20-29,7629
Surkhet,Bheri,Hill,Mid-Western,2068/69,2011/12,  Male,30-39,12695
Surkhet,Bheri,Hill,Mid-Western,2068/69,2011/12,  Male,40-49,11913
Surkhet,Bheri,Hill,Mid-Western,2068/69,2011/12,  Male,50-59,9108
Surkhet,Bheri,Hill,Mid-Western,2068/69,2011/12,  Male,60-69,6187
Surkhet,Bheri,Hill,Mid-Western,2068/69,2011/12,  Male,70 years & above,2606
Surkhet,Bheri,Hill,Mid-Western,2068/69,2011/12,  Female,10-14,89
Surkhet,Bheri,Hill,Mid-Western,2068/69,2011/12,  Female,15-19,685
Surkhet,Bheri,Hill,Mid-Western,2068/69,2011/12,  Female,20-29,6672
Surkhet,Bheri,Hill,Mid-Western,2068/69,2011/12,  Female,30-39,6013
Surkhet,Bheri,Hill,Mid-Western,2068/69,2011/12,  Female,40-49,3411
Surkhet,Bheri,Hill,Mid-Western,2068/69,2011/12,  Female,50-59,2187
Surkhet,Bheri,Hill,Mid-Western,2068/69,2011/12,  Female,60-69,1949
Surkhet,Bheri,Hill,Mid-Western,2068/69,2011/12,  Female,70 years & above,791
Syangja,Gandaki,Hill,Western,2068/69,2011/12,  Male,10-14,25
Syangja,Gandaki,Hill,Western,2068/69,2011/12,  Male,15-19,184
Syangja,Gandaki,Hill,Western,2068/69,2011/12,  Male,20-29,1937
Syangja,Gandaki,Hill,Western,2068/69,2011/12,  Male,30-39,5232
Syangja,Gandaki,Hill,Western,2068/69,2011/12,  Male,40-49,8060
Syangja,Gandaki,Hill,Western,2068/69,2011/12,  Male,50-59,9848
Syangja,Gandaki,Hill,Western,2068/69,2011/12,  Male,60-69,8268
Syangja,Gandaki,Hill,Western,2068/69,2011/12,  Male,70 years & above,5767
Syangja,Gandaki,Hill,Western,2068/69,2011/12,  Female,10-14,23
Syangja,Gandaki,Hill,Western,2068/69,2011/12,  Female,15-19,266
Syangja,Gandaki,Hill,Western,2068/69,2011/12,  Female,20-29,5033
Syangja,Gandaki,Hill,Western,2068/69,2011/12,  Female,30-39,8219
Syangja,Gandaki,Hill,Western,2068/69,2011/12,  Female,40-49,5832
Syangja,Gandaki,Hill,Western,2068/69,2011/12,  Female,50-59,4091
Syangja,Gandaki,Hill,Western,2068/69,2011/12,  Female,60-69,3752
Syangja,Gandaki,Hill,Western,2068/69,2011/12,  Female,70 years & above,2344
Tanahu,Gandaki,Hill,Western,2068/69,2011/12,  Male,10-14,45
Tanahu,Gandaki,Hill,Western,2068/69,2011/12,  Male,15-19,339
Tanahu,Gandaki,Hill,Western,2068/69,2011/12,  Male,20-29,3417
Tanahu,Gandaki,Hill,Western,2068/69,2011/12,  Male,30-39,7124
Tanahu,Gandaki,Hill,Western,2068/69,2011/12,  Male,40-49,9957
Tanahu,Gandaki,Hill,Western,2068/69,2011/12,  Male,50-59,11046
Tanahu,Gandaki,Hill,Western,2068/69,2011/12,  Male,60-69,7831
Tanahu,Gandaki,Hill,Western,2068/69,2011/12,  Male,70 years & above,5117
Tanahu,Gandaki,Hill,Western,2068/69,2011/12,  Female,10-14,50
Tanahu,Gandaki,Hill,Western,2068/69,2011/12,  Female,15-19,664
Tanahu,Gandaki,Hill,Western,2068/69,2011/12,  Female,20-29,8188
Tanahu,Gandaki,Hill,Western,2068/69,2011/12,  Female,30-39,9965
Tanahu,Gandaki,Hill,Western,2068/69,2011/12,  Female,40-49,5858
Tanahu,Gandaki,Hill,Western,2068/69,2011/12,  Female,50-59,3588
Tanahu,Gandaki,Hill,Western,2068/69,2011/12,  Female,60-69,3167
Tanahu,Gandaki,Hill,Western,2068/69,2011/12,  Female,70 years & above,1953
Taplejung,Mechi,Mountain,Eastern,2068/69,2011/12,  Male,10-14,14
Taplejung,Mechi,Mountain,Eastern,2068/69,2011/12,  Male,15-19,142
Taplejung,Mechi,Mountain,Eastern,2068/69,2011/12,  Male,20-29,1849
Taplejung,Mechi,Mountain,Eastern,2068/69,2011/12,  Male,30-39,3633
Taplejung,Mechi,Mountain,Eastern,2068/69,2011/12,  Male,40-49,4920
Taplejung,Mechi,Mountain,Eastern,2068/69,2011/12,  Male,50-59,4337
Taplejung,Mechi,Mountain,Eastern,2068/69,2011/12,  Male,60-69,2618
Taplejung,Mechi,Mountain,Eastern,2068/69,2011/12,  Male,70 years & above,1698
Taplejung,Mechi,Mountain,Eastern,2068/69,2011/12,  Female,10-14,16
Taplejung,Mechi,Mountain,Eastern,2068/69,2011/12,  Female,15-19,116
Taplejung,Mechi,Mountain,Eastern,2068/69,2011/12,  Female,20-29,1612
Taplejung,Mechi,Mountain,Eastern,2068/69,2011/12,  Female,30-39,1823
Taplejung,Mechi,Mountain,Eastern,2068/69,2011/12,  Female,40-49,1323
Taplejung,Mechi,Mountain,Eastern,2068/69,2011/12,  Female,50-59,1023
Taplejung,Mechi,Mountain,Eastern,2068/69,2011/12,  Female,60-69,836
Taplejung,Mechi,Mountain,Eastern,2068/69,2011/12,  Female,70 years & above,549
Terhathum,Kosi,Hill,Eastern,2068/69,2011/12,  Male,10-14,8
Terhathum,Kosi,Hill,Eastern,2068/69,2011/12,  Male,15-19,82
Terhathum,Kosi,Hill,Eastern,2068/69,2011/12,  Male,20-29,1309
Terhathum,Kosi,Hill,Eastern,2068/69,2011/12,  Male,30-39,2759
Terhathum,Kosi,Hill,Eastern,2068/69,2011/12,  Male,40-49,3898
Terhathum,Kosi,Hill,Eastern,2068/69,2011/12,  Male,50-59,3820
Terhathum,Kosi,Hill,Eastern,2068/69,2011/12,  Male,60-69,2420
Terhathum,Kosi,Hill,Eastern,2068/69,2011/12,  Male,70 years & above,1539
Terhathum,Kosi,Hill,Eastern,2068/69,2011/12,  Female,10-14,14
Terhathum,Kosi,Hill,Eastern,2068/69,2011/12,  Female,15-19,78
Terhathum,Kosi,Hill,Eastern,2068/69,2011/12,  Female,20-29,1338
Terhathum,Kosi,Hill,Eastern,2068/69,2011/12,  Female,30-39,1644
Terhathum,Kosi,Hill,Eastern,2068/69,2011/12,  Female,40-49,1184
Terhathum,Kosi,Hill,Eastern,2068/69,2011/12,  Female,50-59,863
Terhathum,Kosi,Hill,Eastern,2068/69,2011/12,  Female,60-69,677
Terhathum,Kosi,Hill,Eastern,2068/69,2011/12,  Female,70 years & above,461
Udayapur,Sagarmatha,Hill,Eastern,2068/69,2011/12,  Male,10-14,30
Udayapur,Sagarmatha,Hill,Eastern,2068/69,2011/12,  Male,15-19,365
Udayapur,Sagarmatha,Hill,Eastern,2068/69,2011/12,  Male,20-29,5261
Udayapur,Sagarmatha,Hill,Eastern,2068/69,2011/12,  Male,30-39,10281
Udayapur,Sagarmatha,Hill,Eastern,2068/69,2011/12,  Male,40-49,12055
Udayapur,Sagarmatha,Hill,Eastern,2068/69,2011/12,  Male,50-59,9709
Udayapur,Sagarmatha,Hill,Eastern,2068/69,2011/12,  Male,60-69,6348
Udayapur,Sagarmatha,Hill,Eastern,2068/69,2011/12,  Male,70 years & above,3236
Udayapur,Sagarmatha,Hill,Eastern,2068/69,2011/12,  Female,10-14,32
Udayapur,Sagarmatha,Hill,Eastern,2068/69,2011/12,  Female,15-19,398
Udayapur,Sagarmatha,Hill,Eastern,2068/69,2011/12,  Female,20-29,5015
Udayapur,Sagarmatha,Hill,Eastern,2068/69,2011/12,  Female,30-39,5391
Udayapur,Sagarmatha,Hill,Eastern,2068/69,2011/12,  Female,40-49,3425
Udayapur,Sagarmatha,Hill,Eastern,2068/69,2011/12,  Female,50-59,2246
Udayapur,Sagarmatha,Hill,Eastern,2068/69,2011/12,  Female,60-69,1851
Udayapur,Sagarmatha,Hill,Eastern,2068/69,2011/12,  Female,70 years & above,914
