District,Year,Manufacturing Company Type,No of establishment,No of persons engaged,No of employees,"Wages, Salaries and other benefits(In thousand)"
Taplejung,2006/07,Manuf. Of Paper And Paper Products,2,,,
Taplejung,2006/07,Manuf. Of Furniture; Manuf. N.E.C.,2,,,
Panchthar,2006/07,Manuf. Of Food Products And Beverages,3,252,240,5139
Panchthar,2006/07,Manuf. Of Textiles,2,,,
Panchthar,2006/07,Manuf. Of Paper And Paper Products,1,,,
Illam,2006/07,Manuf. Of Food Products And Beverages,5,,,
Illam,2006/07,Manuf. Of Wood And Of Products Of Wood And Of Product Of Wood And Cork,1,,,
Jhapa,2006/07,Manuf. Of Food Products And Beverages,59,2923,2773,115933
Jhapa,2006/07,Manuf. Of Tobacco Products,1,,,
Jhapa,2006/07,Manuf. Of Textiles,1,,,
Jhapa,2006/07,Manuf. Of Wearing Apparel; Dressing And Dyeing Of Fur,6,1226,1219,25754
Jhapa,2006/07,Manuf. Of Wood And Of Products Of Wood And Of Product Of Wood And Cork,14,565,550,20144
Jhapa,2006/07,"Publishing, Printing And Reproduction Of Recorded Media",1,,,
Jhapa,2006/07,Manu. Of Chemicals And Chemical Products,4,129,118,5476
Jhapa,2006/07,Manuf. Of Rubber And Plastics Products,2,,,
Jhapa,2006/07,Manuf. Of Other Non-Metalic Minaral Products,15,3736,3723,22413
Jhapa,2006/07,"Manuf. Of Structural Metal Products, Except Machinary And Equipment",1,,,
Jhapa,2006/07,Manuf. Of Furniture; Manuf. N.E.C.,32,440,380,14169
Morang,2006/07,Manuf. Of Food Products And Beverages,68,1881,1759,109568
Morang,2006/07,Manuf. Of Tobacco Products,2,,,
Morang,2006/07,Manuf. Of Textiles,18,8934,8896,342435
Morang,2006/07,Manuf. Of Wearing Apparel; Dressing And Dyeing Of Fur,1,,,
Morang,2006/07,"Tanning And Dressing Of Leather; Manuf. Of Luggage, Handbags, Saddlery And Harness",6,157,152,7362
Morang,2006/07,Manuf. Of Wood And Of Products Of Wood And Of Product Of Wood And Cork,28,253,198,8090
Morang,2006/07,Manuf. Of Paper And Paper Products,8,185,172,7498
Morang,2006/07,"Publishing, Printing And Reproduction Of Recorded Media",24,449,381,19029
Morang,2006/07,"Manuf. Of Coke, Refined Petroleum Products And Nuclear",2,,,
Morang,2006/07,Manu. Of Chemicals And Chemical Products,17,500,470,22539
Morang,2006/07,Manuf. Of Rubber And Plastics Products,36,1348,1299,81491
Morang,2006/07,Manuf. Of Other Non-Metalic Minaral Products,19,2317,2291,48178
Morang,2006/07,Manuf. Of Basic Metals,2,,,
Morang,2006/07,"Manuf. Of Structural Metal Products, Except Machinary And Equipment",15,411,392,16121
Morang,2006/07,Manuf. Of Electrical Machinery And Apparatus N.E.C.,10,1367,1348,82344
Morang,2006/07,Manuf. Of Motor Vehicles; Trailers And Semi-Trailers,1,,,
Morang,2006/07,Manuf. Of Other Transport Equipments,1,,,
Morang,2006/07,Manuf. Of Furniture; Manuf. N.E.C.,37,630,542,22570
Sunsari,2006/07,Manuf. Of Food Products And Beverages,86,2500,2312,114865
Sunsari,2006/07,Manuf. Of Textiles,12,7158,7137,428089
Sunsari,2006/07,"Tanning And Dressing Of Leather; Manuf. Of Luggage, Handbags, Saddlery And Harnes",5,245,228,12993
Sunsari,2006/07,Manuf. Of Wood And Of Products Of Wood And Of Product Of Wood And Cork,18,211,173,7066
Sunsari,2006/07,Manuf. Of Paper And Paper Products,5,220,210,10567
Sunsari,2006/07,Manu. Of Chemicals And Chemical Products,11,520,497,32022
Sunsari,2006/07,Manuf. Of Rubber And Plastics Products,9,710,693,31312
Sunsari,2006/07,Manuf. Of Other Non-Metalic Minaral Products,19,1540,1508,11251
Sunsari,2006/07,Manuf. Of Basic Metals,11,90,72,3370
Sunsari,2006/07,"Manuf. Of Structural Metal Products, Except Machinary And Equipment",19,178,138,5104
Sunsari,2006/07,Manuf. Of Machinary And Equipment N.E.C.,1,,,
Sunsari,2006/07,Manuf. Of Electrical Machinery And Apparatus N.E.C.,2,,,
Sunsari,2006/07,Manuf. Of Furniture; Manuf. N.E.C.,17,264,222,8787
Dhankuta,2006/07,Manuf. Of Food Products And Beverages,5,228,223,5735
Dhankuta,2006/07,Manuf. Of Textiles,5,95,89,1001
Dhankuta,2006/07,Manuf. Of Furniture; Manuf. N.E.C.,1,,,
Tehrathum,2006/07,Manuf. Of Textiles,7,,,
Sankhuwasabha,2006/07,Manuf. Of Food Products And Beverages,1,,,
Sankhuwasabha,2006/07,Manuf. Of Paper And Paper Products,4,60,40,2117
Bhojpur,2006/07,Manuf. Of Paper And Paper Products,,,,
Okhaldhunga,2006/07,Manuf. Of Furniture; Manuf. N.E.C.,2,,,
Khotang,2006/07,Manuf. Of Food Products And Beverages,3,,,
Udayapur,2006/07,Manuf. Of Food Products And Beverages,10,115,54,2319
Udayapur,2006/07,"Tanning And Dressing Of Leather; Manuf. Of Luggage, Handbags, Saddlery And Harness",1,,,
Udayapur,2006/07,Manuf. Of Other Non-Metalic Minaral Products,6,33,20,825
Saptari,2006/07,Manuf. Of Food Products And Beverages,23,408,353,8902
Saptari,2006/07,Manuf. Of Wood And Of Products Of Wood And Of Product Of Wood And Cork,5,57,38,861
Saptari,2006/07,"Publishing, Printing And Reproduction Of Recorded Media",2,,,
Saptari,2006/07,Manuf. Of Other Non-Metalic Minaral Products,30,2379,2324,25353
Dhanusha,2006/07,Manuf. Of Food Products And Beverages,16,187,153,8014
Dhanusha,2006/07,Manuf. Of Wood And Of Products Of Wood And Of Product Of Wood And Cork,11,114,89,5558
Dhanusha,2006/07,Manu. Of Chemicals And Chemical Products,1,,,
Dhanusha,2006/07,Manuf. Of Rubber And Plastics Products,3,60,55,3972
Dhanusha,2006/07,Manuf. Of Other Non-Metalic Minaral Products,29,1725,1671,41413
Dhanusha,2006/07,Manuf. Of Basic Metals,3,47,41,2293
Dhanusha,2006/07,Manuf. Of Electrical Machinery And Apparatus N.E.C.,1,,,
Mahottari,2006/07,Manuf. Of Food Products And Beverages,6,68,54,3800
Mahottari,2006/07,Manuf. Of Other Non-Metalic Minaral Products,22,829,795,19570
Mahottari,2006/07,Manuf. Of Furniture; Manuf. N.E.C.,7,72,57,1872
Sarlahi,2006/07,Manuf. Of Food Products And Beverages,5,179,168,11473
Sarlahi,2006/07,Manuf. Of Tobacco Products,6,99,70,458
Sarlahi,2006/07,Manuf. Of Wood And Of Products Of Wood And Of Product Of Wood And Cork,7,269,264,13160
Sarlahi,2006/07,Manuf. Of Other Non-Metalic Minaral Products,25,898,863,18520
Ramachhapa,2006/07,Manuf. Of Food Products And Beverages,4,61,61,3171
Ramachhapa,2006/07,Manuf. Of Textiles,3,48,48,1978
Dolakha,2006/07,Manuf. Of Food Products And Beverages,2,,,
Sindhupalchok,2006/07,Manuf. Of Paper And Paper Products,3,102,94,3937
Sindhupalchok,2006/07,Manuf. Of Other Non-Metalic Minaral Products,4,57,52,2584
Sindhupalchok,2006/07,Manuf. Of Basic Metals,1,,,
Kavrepalchok,2006/07,Manuf. Of Food Products And Beverages,6,437,416,28235
Kavrepalchok,2006/07,Manuf. Of Wood And Of Products Of Wood And Of Product Of Wood And Cork,4,186,180,7900
Kavrepalchok,2006/07,Manuf. Of Other Non-Metalic Minaral Products,2,,,
Kavrepalchok,2006/07,Manuf. Of Furniture; Manuf. N.E.C.,4,238,231,10239
Lalitpur,2006/07,Manuf. Of Food Products And Beverages,9,107,97,3853
Lalitpur,2006/07,Manuf. Of Textiles,56,2393,2231,100400
Lalitpur,2006/07,Manuf. Of Wearing Apparel; Dressing And Dyeing Of Fur,2,,,
Lalitpur,2006/07,"Tanning And Dressing Of Leather; Manuf. Of Luggage, Handbags, Saddlery And Harness",3,85,81,2843
Lalitpur,2006/07,Manuf. Of Wood And Of Products Of Wood And Of Product Of Wood And Cork,19,312,266,13931
Lalitpur,2006/07,"Publishing, Printing And Reproduction Of Recorded Media",4,478,474,13631
Lalitpur,2006/07,Manu. Of Chemicals And Chemical Products,2,,,
Lalitpur,2006/07,Manuf. Of Rubber And Plastics Products,12,222,187,9786
Lalitpur,2006/07,Manuf. Of Other Non-Metalic Minaral Products,34,3678,3576,59243
Lalitpur,2006/07,Manuf. Of Basic Metals,8,99,87,4153
Lalitpur,2006/07,"Manuf. Of Structural Metal Products, Except Machinary And Equipment",12,161,138,6826
Lalitpur,2006/07,Manuf. Of Electrical Machinery And Apparatus N.E.C.,4,42,39,1860
Lalitpur,2006/07,Manuf. Of Furniture; Manuf. N.E.C.,18,392,360,23638
Bhaktpur,2006/07,Manuf. Of Food Products And Beverages,4,47,41,2656
Bhaktpur,2006/07,Manuf. Of Textiles,66,2963,2871,130515
Bhaktpur,2006/07,Manuf. Of Paper And Paper Products,3,48,47,1945
Bhaktpur,2006/07,Manu. Of Chemicals And Chemical Products,4,186,183,24642
Bhaktpur,2006/07,Manuf. Of Rubber And Plastics Products,3,63,50,2474
Bhaktpur,2006/07,Manuf. Of Other Non-Metalic Minaral Products,47,3069,3069,55035
Bhaktpur,2006/07,"Manuf. Of Medical, Precision And Optical Instruments, Watch And Clocks",1,,,
Kathmandu,2006/07,Manuf. Of Food Products And Beverages,31,1493,1443,71686
Kathmandu,2006/07,Manuf. Of Textiles,271,13433,13055,516410
Kathmandu,2006/07,Manuf. Of Wearing Apparel; Dressing And Dyeing Of Fur,15,1411,1382,60042
Kathmandu,2006/07,"Tanning And Dressing Of Leather; Manuf. Of Luggage, Handbags, Saddlery And Harnes",5,118,115,9003
Kathmandu,2006/07,Manuf. Of Wood And Of Products Of Wood And Of Product Of Wood And Cork,15,183,148,7777
Kathmandu,2006/07,Manuf. Of Paper And Paper Products,10,167,152,8389
Kathmandu,2006/07,"Publishing, Printing And Reproduction Of Recorded Media",29,2082,2019,221660
Kathmandu,2006/07,Manu. Of Chemicals And Chemical Products,9,1243,1225,70544
Kathmandu,2006/07,Manuf. Of Rubber And Plastics Products,22,411,377,19828
Kathmandu,2006/07,Manuf. Of Other Non-Metalic Minaral Products,15,258,241,13464
Kathmandu,2006/07,Manuf. Of Basic Metals,7,46,33,2121
Kathmandu,2006/07,"Manuf. Of Structural Metal Products, Except Machinary And Equipment",14,216,199,11016
Nuwakot,2006/07,Manuf. Of Other Non-Metalic Minaral Products,3,179,169,4052
Rasuwa,2006/07,Manuf. Of Food Products And Beverages,2,,,
Dhading,2006/07,Manuf. Of Other Non-Metalic Minaral Products,8,212,201,5090
Dhading,2006/07,Manuf. Of Furniture; Manuf. N.E.C.,4,64,55,3319
Makwanpur,2006/07,Manuf. Of Food Products And Beverages,9,470,467,41464
Makwanpur,2006/07,Manuf. Of Textiles,3,339,334,8696
Makwanpur,2006/07,Manuf. Of Wood And Of Products Of Wood And Of Product Of Wood And Cork,5,57,50,2389
Makwanpur,2006/07,Manuf. Of Paper And Paper Products,3,241,231,13258
Makwanpur,2006/07,Manu. Of Chemicals And Chemical Products,9,654,652,104482
Makwanpur,2006/07,Manuf. Of Rubber And Plastics Products,7,320,305,20502
Makwanpur,2006/07,Manuf. Of Other Non-Metalic Minaral Products,9,811,805,158790
Makwanpur,2006/07,"Manuf. Of Structural Metal Products, Except Machinary And Equipment",2,,,
Rautahat,2006/07,Manuf. Of Food Products And Beverages,13,113,102,5081
Rautahat,2006/07,Manuf. Of Wood And Of Products Of Wood And Of Product Of Wood And Cork,4,34,29,1104
Rautahat,2006/07,Manuf. Of Other Non-Metalic Minaral Products,23,2079,2046,23485
Bara,2006/07,Manuf. Of Food Products And Beverages,65,2408,2278,137537
Bara,2006/07,Manuf. Of Tobacco Products,6,509,490,61093
Bara,2006/07,Manuf. Of Textiles,11,877,862,90176
Bara,2006/07,"Tanning And Dressing Of Leather; Manuf. Of Luggage, Handbags, Saddlery And Harness",4,289,281,10066
Bara,2006/07,Manuf. Of Wood And Of Products Of Wood And Of Product Of Wood And Cork,2,,,
Bara,2006/07,"Manuf. Of Coke, Refined Petroleum Products And Nuclear",5,197,191,14488
Bara,2006/07,Manu. Of Chemicals And Chemical Products,15,1243,1182,73785
Bara,2006/07,Manuf. Of Rubber And Plastics Products,18,1571,1542,85794
Bara,2006/07,Manuf. Of Other Non-Metalic Minaral Products,39,3362,3284,64601
Bara,2006/07,Manuf. Of Basic Metals,10,1639,1626,171970
Bara,2006/07,"Manuf. Of Structural Metal Products, Except Machinary And Equipment",10,1721,1691,103067
Parsa,2006/07,Manuf. Of Food Products And Beverages,82,1410,1271,71966
Parsa,2006/07,Manuf. Of Textiles,23,2537,2499,146756
Parsa,2006/07,Manuf. Of Wearing Apparel; Dressing And Dyeing Of Fur,5,76,67,1844
Parsa,2006/07,"Tanning And Dressing Of Leather; Manuf. Of Luggage, Handbags, Saddlery And Harness",8,185,172,9277
Parsa,2006/07,Manuf. Of Wood And Of Products Of Wood And Of Product Of Wood And Cork,9,102,86,3858
Parsa,2006/07,Manuf. Of Paper And Paper Products,6,175,168,7194
Parsa,2006/07,"Publishing, Printing And Reproduction Of Recorded Media",12,197,172,6726
Parsa,2006/07,Manu. Of Chemicals And Chemical Products,16,1038,996,92589
Parsa,2006/07,Manuf. Of Rubber And Plastics Products,21,612,569,35852
Parsa,2006/07,Manuf. Of Other Non-Metalic Minaral Products,5,220,210,5843
Parsa,2006/07,Manuf. Of Basic Metals,9,328,325,23940
Parsa,2006/07,"Manuf. Of Structural Metal Products, Except Machinary And Equipment",6,57,53,2991
Parsa,2006/07,Manuf. Of Electrical Machinery And Apparatus N.E.C.,3,34,27,891
Parsa,2006/07,"Manuf. Of Radio, Television And Communication Equipment And Apparatus",2,,,
Chitwan,2006/07,Manuf. Of Food Products And Beverages,29,380,310,19133
Chitwan,2006/07,Manuf. Of Wood And Of Products Of Wood And Of Product Of Wood And Cork,9,136,115,5722
Chitwan,2006/07,Manuf. Of Paper And Paper Products,5,119,111,7057
Chitwan,2006/07,Manuf. Of Rubber And Plastics Products,9,219,204,8306
Chitwan,2006/07,Manuf. Of Other Non-Metalic Minaral Products,25,2930,2893,63047
Chitwan,2006/07,"Manuf. Of Structural Metal Products, Except Machinary And Equipment",4,51,41,2014
Chitwan,2006/07,Manuf. Of Machinary And Equipment N.E.C.,2,,,
Chitwan,2006/07,Manuf. Of Furniture; Manuf. N.E.C.,9,138,117,6405
Gorkha,2006/07,Manuf. Of Rubber And Plastics Products,1,,,
Gorkha,2006/07,Manuf. Of Other Non-Metalic Minaral Products,6,88,75,1996
Tanahu,2006/07,Manuf. Of Food Products And Beverages,5,39,34,1062
Tanahu,2006/07,Manuf. Of Other Non-Metalic Minaral Products,14,1227,1200,22726
Syangja,2006/07,Manuf. Of Furniture; Manuf. N.E.C.,11,126,97,4058
Kaski,2006/07,Manuf. Of Food Products And Beverages,34,1244,1197,68778
Kaski,2006/07,Manuf. Of Textiles,6,120,113,4460
Kaski,2006/07,Manuf. Of Wood And Of Products Of Wood And Of Product Of Wood And Cork,38,567,504,24100
Kaski,2006/07,Manuf. Of Paper And Paper Products,3,135,134,8015
Kaski,2006/07,"Publishing, Printing And Reproduction Of Recorded Media",7,93,74,4109
Kaski,2006/07,Manuf. Of Other Non-Metalic Minaral Products,14,136,112,5125
Kaski,2006/07,Manuf. Of Basic Metals,4,56,46,3390
Kaski,2006/07,"Manuf. Of Structural Metal Products, Except Machinary And Equipment",13,462,436,23729
Kaski,2006/07,Manuf. Of Machinary And Equipment N.E.C.,4,53,40,2318
Kaski,2006/07,Manuf. Of Furniture; Manuf. N.E.C.,18,285,247,11611
Mustang,2006/07,Manuf. Of Food Products And Beverages,,,,
Myagdi,2006/07,Manuf. Of Furniture; Manuf. N.E.C.,,,,
Parbat,2006/07,Manuf. Of Other Non-Metalic Minaral Products,1,,,
Parbat,2006/07,Manuf. Of Furniture; Manuf. N.E.C.,6,75,54,2746
Palpa,2006/07,Manuf. Of Food Products And Beverages,3,45,29,1387
Palpa,2006/07,Manuf. Of Textiles,10,227,200,7971
Palpa,2006/07,Manuf. Of Basic Metals,4,45,27,1375
Palpa,2006/07,Manuf. Of Furniture; Manuf. N.E.C.,8,101,78,3989
Nawalparasi,2006/07,Manuf. Of Food Products And Beverages,36,875,784,22213
Nawalparasi,2006/07,Manuf. Of Wood And Of Products Of Wood And Of Product Of Wood And Cork,8,73,62,2943
Nawalparasi,2006/07,Manuf. Of Paper And Paper Products,3,838,829,117074
Nawalparasi,2006/07,Manuf. Of Rubber And Plastics Products,3,625,616,6428
Nawalparasi,2006/07,Manuf. Of Other Non-Metalic Minaral Products,12,1163,1141,26985
Nawalparasi,2006/07,Manuf. Of Furniture; Manuf. N.E.C.,3,87,83,1824
Rupandehi,2006/07,Manuf. Of Food Products And Beverages,79,1099,933,39996
Rupandehi,2006/07,Manuf. Of Textiles,9,1013,998,41126
Rupandehi,2006/07,Manuf. Of Wood And Of Products Of Wood And Of Product Of Wood And Cork,11,102,78,3074
Rupandehi,2006/07,Manuf. Of Paper And Paper Products,6,87,80,4586
Rupandehi,2006/07,"Publishing, Printing And Reproduction Of Recorded Media",11,198,182,5937
Rupandehi,2006/07,Manu. Of Chemicals And Chemical Products,4,532,527,36513
Rupandehi,2006/07,Manuf. Of Rubber And Plastics Products,11,300,278,17420
Rupandehi,2006/07,Manuf. Of Other Non-Metalic Minaral Products,53,2881,2800,76131
Rupandehi,2006/07,"Manuf. Of Structural Metal Products, Except Machinary And Equipment",12,934,901,63484
Rupandehi,2006/07,Manuf. Of Machinary And Equipment N.E.C.,4,53,50,2590
Rupandehi,2006/07,Manuf. Of Electrical Machinery And Apparatus N.E.C.,3,158,127,6415
Rupandehi,2006/07,Manuf. Of Furniture; Manuf. N.E.C.,19,253,215,6866
Kapilbastu,2006/07,Manuf. Of Food Products And Beverages,13,93,73,1264
Kapilbastu,2006/07,Manuf. Of Wood And Of Products Of Wood And Of Product Of Wood And Cork,6,46,39,1289
Kapilbastu,2006/07,Manuf. Of Other Non-Metalic Minaral Products,28,2854,2797,56890
Kapilbastu,2006/07,Manuf. Of Furniture; Manuf. N.E.C.,4,45,36,1825
Dang,2006/07,Manuf. Of Food Products And Beverages,14,151,126,4849
Dang,2006/07,Manuf. Of Wood And Of Products Of Wood And Of Product Of Wood And Cork,11,191,175,6167
Dang,2006/07,Manuf. Of Other Non-Metalic Minaral Products,11,535,519,9222
Dang,2006/07,Manuf. Of Furniture; Manuf. N.E.C.,7,105,91,3660
Banke,2006/07,Manuf. Of Food Products And Beverages,32,511,397,23983
Banke,2006/07,Manuf. Of Wood And Of Products Of Wood And Of Product Of Wood And Cork,5,55,42,2081
Banke,2006/07,Manu. Of Chemicals And Chemical Products,4,293,289,13043
Banke,2006/07,Manuf. Of Rubber And Plastics Products,3,139,136,9534
Banke,2006/07,Manuf. Of Other Non-Metalic Minaral Products,37,1680,1581,33350
Banke,2006/07,Manuf. Of Basic Metals,3,181,177,18106
Banke,2006/07,"Manuf. Of Structural Metal Products, Except Machinary And Equipment",3,239,221,15330
Bardiya,2006/07,Manuf. Of Food Products And Beverages,8,116,93,3561
Bardiya,2006/07,Manuf. Of Other Non-Metalic Minaral Products,6,189,181,73
Banke,2006/07,Manuf. Of Furniture; Manuf. N.E.C.,6,60,53,1693
Surkhet,2006/07,Manuf. Of Food Products And Beverages,5,33,27,1473
Surkhet,2006/07,Manuf. Of Textiles,1,,,
Surkhet,2006/07,Manuf. Of Wood And Of Products Of Wood And Of Product Of Wood And Cork,1,,,
Surkhet,2006/07,Manuf. Of Paper And Paper Products,1,,,
Surkhet,2006/07,Manuf. Of Other Non-Metalic Minaral Products,8,138,127,2901
Surkhet,2006/07,Manuf. Of Furniture; Manuf. N.E.C.,3,37,31,1481
Jajarkot,2006/07,Manuf. Of Paper And Paper Products,2,,,
Dolpa,2006/07,Manuf. Of Furniture; Manuf. N.E.C.,1,,,
Jumla,2006/07,"Manuf. Of Structural Metal Products, Except Machinary And Equipment",1,,,
Jumla,2006/07,Manuf. Of Furniture; Manuf. N.E.C.,3,,,
Kalikot,2006/07,Manuf. Of Furniture; Manuf. N.E.C.,2,,,
Mugu,2006/07,Manuf. Of Furniture; Manuf. N.E.,1,,,
Bajura,2006/07,Manuf. Of Paper And Paper Products,1,,,
Bajhang,2006/07,Manuf. Of Paper And Paper Products,1,,,
Achham,2006/07,Manuf. Of Basic Metals,1,,,
Achham,2006/07,Manuf. Of Furniture; Manuf. N.E.C.,2,,,
Doti,2006/07,Manuf. Of Food Products And Beverages,2,,,
Doti,2006/07,Manuf. Of Textiles,1,,,
Doti,2006/07,"Manuf. Of Structural Metal Products, Except Machinary And Equipment",1,,,
Kailali,2006/07,Manuf. Of Food Products And Beverages,33,850,785,18853
Kailali,2006/07,Manuf. Of Textiles,3,44,30,980
Kailali,2006/07,Manuf. Of Wood And Of Products Of Wood And Of Product Of Wood And Cork,19,257,224,5518
Kailali,2006/07,"Publishing, Printing And Reproduction Of Recorded Media",4,53,43,2297
Kailali,2006/07,Manu. Of Chemicals And Chemical Products,2,,,
Kailali,2006/07,Manuf. Of Other Non-Metalic Minaral Products,31,2662,2604,33411
Kailali,2006/07,Manuf. Of Basic Metals,1,,,
Kailali,2006/07,"Manuf. Of Structural Metal Products, Except Machinary And Equipment",6,49,41,2261
Kailali,2006/07,Manuf. Of Furniture; Manuf. N.E.C.,8,134,118,4758
Kanchanpur,2006/07,Manuf. Of Food Products And Beverages,32,471,337,6116
Kanchanpur,2006/07,Manuf. Of Textiles,4,31,18,265
Kanchanpur,2006/07,Manuf. Of Wearing Apparel; Dressing And Dyeing Of Fur,2,,,
Kanchanpur,2006/07,Manuf. Of Wood And Of Products Of Wood And Of Product Of Wood And Cork,7,133,119,3283
Kanchanpur,2006/07,"Publishing, Printing And Reproduction Of Recorded Media",4,43,25,1068
Kanchanpur,2006/07,Manuf. Of Other Non-Metalic Minaral Products,29,1330,1266,26541
Kanchanpur,2006/07,Manuf. Of Motor Vehicles; Trailers And Semi-Trailers,2,,,
Kanchanpur,2006/07,Manuf. Of Furniture; Manuf. N.E.C.,6,62,44,1034
Taplejung ,2011/12, Manufacture of paper and paper products ,3,35,29,"2,530"
Taplejung ,2011/12,Manufacture of furniture,3,32,27,"3,770"
Panchthar,2011/12,Manufacture of food products,1,,,
Panchthar,2011/12,Manufacture of textiles,2,,,
Panchthar,2011/12,"Manufacture of wood and of products of wood and cork, except furniture",2,,,
Panchthar,2011/12,Manufacture of other non-metallic mineral products,1,,,
Ilam,2011/12,Manufacture of food products,10,531,504,"29,952"
Ilam,2011/12,"Manufacture of wood and of products of wood and cork,  except furniture",2,,,
Jhapa,2011/12,Manufacture of food products,68,"2,265","2,086","169,492"
Jhapa,2011/12,Manufacture of beverages,3,33,26,"3,954"
Jhapa,2011/12,Manufacture of tobacco products,1,,,
Jhapa,2011/12,Manufacture of leather and related products,1,,,
Jhapa,2011/12,"Manufacture of wood and of products of wood and cork, except furniture",,,,
Jhapa,2011/12,Printing and reproduction of recorded media,9,221,198,"10,779"
Jhapa,2011/12,Manufacture of chemicals and chemical products,3,48,39,"5,221"
Jhapa,2011/12,Manufacture of rubber and plastics products,1,,,
Jhapa,2011/12,Manufacture of other non-metallic mineral products,27,"1,721","1,654","102,866"
Jhapa,2011/12,"Manufacture of fabricated metal products, except machinery and equipment and equipment",2,,,
Jhapa,2011/12,Manufacture of furniture,32,608,539,"45,138"
Morang,2011/12,Manufacture of food products,69,"1,934","1,790","203,077"
Morang,2011/12,Manufacture of beverages,7,303,291,"50,263"
Morang,2011/12,Manufacture of tobacco products,3,265,262,"37,558"
Morang,2011/12,Manufacture of textiles,11,"7,101","7,086","625,484"
Morang,2011/12,Manufacture of wearing apparel,2,,,
Morang,2011/12,Manufacture of leather and related products,10,526,509,"37,690"
Morang,2011/12,"Manufacture of wood and of products of wood and cork,",31,469,411,"30,708"
Morang,2011/12,Manufacture of paper and paper products,9,281,270,"26,137"
Morang,2011/12,Printing and reproduction of recorded media,7,212,188,"20,482"
Morang,2011/12,Manufacture of coke and refined petroleum products,2,,,
Morang,2011/12,Manufacture of chemicals and chemical products,17,804,773,"75,176"
Morang,2011/12,Manufacture of rubber and plastics products,31,864,818,"80,300"
Morang,2011/12,Manufacture of other non-metallic mineral products,16,"2,860","2,828","139,484"
Morang,2011/12,Manufacture of basic metals,5,937,929,"134,266"
Morang,2011/12,"Manufacture of fabricated metal products, except machinery and equipment",8,523,508,"59,878"
Morang,2011/12,Manufacture of electrical equipment,6,606,598,"69,394"
Morang,2011/12,Manufacture of machinery and equipment n.e.c.,2,,,
Morang,2011/12,"Manufacture of motor vehicles, trailers and semi-trailers",5,206,201,"16,860"
Morang,2011/12,Manufacture of furniture,12,142,118,"11,950"
Morang,2011/12,Other manufacturing,2,,,
Sunsari,2011/12,Manufacture of food products,98,"2,319","2,072","178,329"
Sunsari,2011/12,Manufacture of beverages,1,,,
Sunsari,2011/12,Manufacture of textiles,8,"5,439","5,419","503,840"
Sunsari,2011/12,Manufacture of wearing apparel,2,,,
Sunsari,2011/12,Manufacture of leather and related products,6,446,425,"34,712"
Sunsari,2011/12,"Manufacture of wood and of products of wood and cork,",25,705,635,"56,672"
Sunsari,2011/12,Manufacture of paper and paper products,10,591,563,"50,188"
Sunsari,2011/12,Manufacture of chemicals and chemical products,6,374,352,"34,172"
Sunsari,2011/12,"Manufacture of pharmaceuticals,  medicinal chemical and botanical products",6,300,278,"31,789"
Sunsari,2011/12,Manufacture of rubber and plastics products,13,837,801,"35,042"
Sunsari,2011/12,Manufacture of other non-metallic mineral products,20,"1,927","1,891","102,841"
Sunsari,2011/12,Manufacture of basic metals,4,227,214,"21,228"
Sunsari,2011/12,"Manufacture of fabricated metal products, except machinery and equipment",24,343,285,"26,430"
Sunsari,2011/12,Manufacture of electrical equipment,2,,,
Sunsari,2011/12,Manufacture of machinery and equipment n.e.c.,1,,,
Sunsari,2011/12,Manufacture of furniture,17,183,130,"11,385"
Sunsari,2011/12,Other manufacturing,3,37,29,"1,690"
Dhankuta,2011/12,Manufacture of food products,4,462,459,"23,946"
Dhankuta,2011/12,Manufacture of textiles,5,107,99,"2,996"
Dhankuta,2011/12,Manufacture of other non-metallic mineral products,1,,,
Dhankuta,2011/12,Manufacture of furniture,1,,,
Terhathum,2011/12,Manufacture of textiles,6,207,194,"9,481"
Terhathum,2011/12,Manufacture of paper and paper products,1,,,
Terhathum,2011/12,Manufacture of other non-metallic mineral products,1,,,
Sankhuwasabha,2011/12,Manufacture of beverages,1,,,
Sankhuwasabha,2011/12,Manufacture of textiles,2,,,
Sankhuwasabha,2011/12,"Manufacture of wood and of products of wood and cork, except furniture",1,,,
Sankhuwasabha,2011/12,Manufacture of paper and paper products,2,,,
Bhojpur,2011/12,Manufacture of paper and paper products,4,50,46,487
Khotang,2011/12,Manufacture of other non-metallic mineral products,1,,,
Udayapur,2011/12,"Manufacture of wood and of products of wood and cork, except furniture",1,,,
Udayapur,2011/12,Manufacture of other non-metallic mineral products,4,759,754,"94,642"
Udayapur,2011/12,Manufacture of furniture,1,,,
Saptari,2011/12,Manufacture of food products,33,765,702,"58,877"
Saptari,2011/12,Manufacture of beverages,1,,,
Saptari,2011/12,Manufacture of tobacco products,1,,,
Saptari,2011/12,"Manufacture of wood and of products of wood and cork,",4,59,52,"6,124"
Saptari,2011/12,Manufacture of other non-metallic mineral products,55,"7,665","7,563","122,753"
Siraha,2011/12,Manufacture of food products,7,78,58,"4,709"
Siraha,2011/12,Manufacture of beverages,1,,,
Siraha,2011/12,Manufacture of tobacco products,4,42,31,"2,178"
Siraha,2011/12,"Manufacture of wood and of products of wood and cork,",8,87,71,"6,689"
Siraha,2011/12,"Manufacture of pharmaceuticals,  medicinal chemical and",1,,,
Siraha,2011/12,Manufacture of other non-metallic mineral products,20,235,181,"16,124"
Dhanusa,2011/12,Manufacture of food products,6,63,38,"3,437"
Dhanusa,2011/12,Manufacture of beverages,3,71,51,"7,586"
Dhanusa,2011/12,"Manufacture of wood and of products of wood and cork,",5,455,442,"25,578"
Dhanusa,2011/12,Manufacture of other non-metallic mineral products,39,462,343,"31,969"
Dhanusa,2011/12,"Manufacture of fabricated metal products, except machinery and equipment and equipment",4,47,37,"3,562"
Dhanusa,2011/12,Other manufacturing,2,,,
Mahottari,2011/12,Manufacture of food products,7,526,515,"53,818"
Mahottari,2011/12,Manufacture of tobacco products,2,,,
Mahottari,2011/12,Manufacture of other non-metallic mineral products,38,"4,118","4,058","124,057"
Mahottari,2011/12,Manufacture of furniture,2,,,
Sarlahi,2011/12,Manufacture of food products,26,456,416,"50,683"
Sarlahi,2011/12,Manufacture of textiles,1,,,
Sarlahi,2011/12,"Manufacture of wood and of products of wood and cork,",11,248,233,"18,348"
Sarlahi,2011/12,Manufacture of chemicals and chemical products,1,,,
Sarlahi,2011/12,Manufacture of rubber and plastics products,1,,,
Sarlahi,2011/12,Manufacture of other non-metallic mineral products,50,"4,222","4,146","153,131"
Sarlahi,2011/12,"Manufacture of fabricated metal products, except machinery and equipment and equipment",2,,,
Sarlahi,2011/12,Manufacture of furniture,5,53,46,"3,842"
Ramechhap,2011/12,Manufacture of food products,1,,,
Ramechhap,2011/12,Manufacture of wearing apparel,2,,,
Ramechhap,2011/12,Manufacture of paper and paper products,1,,,
Ramechhap,2011/12,"Manufacture of pharmaceuticals,  medicinal chemical and botanical products",1,,,
Ramechhap,2011/12,"Manufacture of fabricated metal products, except machinery and equipment and equipment",1,,,
Dolakha,2011/12,Manufacture of food products,2,,,
Dolakha,2011/12,"Manufacture of wood and of products of wood and cork,",7,241,223,"6,287"
Sindhupalchok,2011/12,"Manufacture of wood and of products of wood and cork,",4,82,70,"4,151"
Sindhupalchok,2011/12,Manufacture of paper and paper products,2,,,
Sindhupalchok,2011/12,Manufacture of other non-metallic mineral products,8,210,186,"23,038"
Kavrepalanchowk,2011/12,Manufacture of food products,10,217,189,"19,903"
Kavrepalanchowk,2011/12,Manufacture of beverages,2,,,
Kavrepalanchowk,2011/12,Manufacture of textiles,1,,,
Kavrepalanchowk,2011/12,Manufacture of leather and related products,1,,,
Kavrepalanchowk,2011/12,"Manufacture of wood and of products of wood and cork,",7,374,361,"29,912"
Kavrepalanchowk,2011/12,Manufacture of furniture,,,,
Lalitpur,2011/12,Manufacture of food products,7,300,286,"13,491"
Lalitpur,2011/12,Manufacture of beverages,1,,,
Lalitpur,2011/12,Manufacture of textiles,41,918,784,"71,587"
Lalitpur,2011/12,Manufacture of wearing apparel,17,538,486,"51,465"
Lalitpur,2011/12,Manufacture of leather and related products,2,,,
Lalitpur,2011/12,"Manufacture of wood and of products of wood and cork, except furniture",13,199,162,"16,531"
Lalitpur,2011/12,Manufacture of paper and paper products,2,,,
Lalitpur,2011/12,Printing and reproduction of recorded media,16,298,256,"33,847"
Lalitpur,2011/12,Manufacture of chemicals and chemical products,4,63,52,"6,154"
Lalitpur,2011/12,Manufacture of rubber and plastics products,16,336,298,"32,392"
Lalitpur,2011/12,Manufacture of other non-metallic mineral products,9,476,437,"32,789"
Lalitpur,2011/12,Manufacture of basic metals,1,,,
Lalitpur,2011/12,"Manufacture of fabricated metal products, except machinery and equipment and equipment",19,305,260,"29,550"
Lalitpur,2011/12,Manufacture of electrical equipment,3,39,27,"2,638"
Lalitpur,2011/12,Manufacture of machinery and equipment n.e.c.,2,,,
Lalitpur,2011/12,Manufacture of furniture,17,358,315,"36,322"
Lalitpur,2011/12,Other manufacturing,2,,,
Bhaktapur,2011/12,Manufacture of food products,10,156,141,"18,531"
Bhaktapur,2011/12,Manufacture of tobacco products,1,,,
Bhaktapur,2011/12,Manufacture of textiles,41,"1,482","1,416","144,467"
Bhaktapur,2011/12,Manufacture of wearing apparel,3,133,129,"18,076"
Bhaktapur,2011/12,Manufacture of leather and related products,1,,,
Bhaktapur,2011/12,"Manufacture of wood and of products of wood and cork, except furniture",2,,,
Bhaktapur,2011/12,Manufacture of paper and paper products,4,81,66,"7,644"
Bhaktapur,2011/12,Printing and reproduction of recorded media,4,139,131,"11,059"
Bhaktapur,2011/12,Manufacture of chemicals and chemical products,1,,,
Bhaktapur,2011/12,Manufacture of rubber and plastics products,4,77,62,"8,027"
Bhaktapur,2011/12,Manufacture of other non-metallic mineral products,62,"18,333","18,166","1,117,901"
Bhaktapur,2011/12,"Manufacture of fabricated metal products, except machinery and equipment and equipment",3,38,34,"3,877"
Bhaktapur,2011/12,"Manufacture of computer, electronic and optical products",1,,,
Bhaktapur,2011/12,Manufacture of machinery and equipment n.e.c.,1,,,
Bhaktapur,2011/12,Manufacture of furniture,5,120,115,"15,875"
Kathmandu,2011/12,Manufacture of food products,31,"2,076","1,982","230,650"
Kathmandu,2011/12,Manufacture of beverages,13,898,866,"266,768"
Kathmandu,2011/12,Manufacture of tobacco products,1,,,
Kathmandu,2011/12,Manufacture of textiles,111,"3,816","3,534","249,025"
Kathmandu,2011/12,Manufacture of wearing apparel,12,852,817,"82,536"
Kathmandu,2011/12,Manufacture of leather and related products,9,385,367,"42,992"
Kathmandu,2011/12,"Manufacture of wood and of products of wood and cork, except furniture",2,,,
Kathmandu,2011/12,Manufacture of paper and paper products,6,152,133,"12,210"
Kathmandu,2011/12,Printing and reproduction of recorded media,26,882,817,"164,903"
Kathmandu,2011/12,Manufacture of coke and refined petroleum products,1,,,
Kathmandu,2011/12,Manufacture of chemicals and chemical products,5,278,270,"26,823"
Kathmandu,2011/12,"Manufacture of pharmaceuticals,  medicinal chemical and",4,663,661,"103,110"
Kathmandu,2011/12,Manufacture of rubber and plastics products,37,"1,054",968,"143,907"
Kathmandu,2011/12,Manufacture of other non-metallic mineral products,13,"1,498","1,465","54,089"
Kathmandu,2011/12,Manufacture of basic metals,5,76,63,"6,351"
Kathmandu,2011/12,"Manufacture of fabricated metal products, except machinery and equipment and equipment",17,366,320,"30,108"
Kathmandu,2011/12,"Manufacture of computer, electronic and optical products",2,,,
Kathmandu,2011/12,Manufacture of electrical equipment,3,64,58,"8,362"
Kathmandu,2011/12,Manufacture of machinery and equipment n.e.c.,3,38,27,"3,887"
Kathmandu,2011/12,"Manufacture of motor vehicles, trailers and semi-trailers",1,,,
Kathmandu,2011/12,Manufacture of furniture,14,453,404,"62,606"
Kathmandu,2011/12,Other manufacturing,2,,,
Nuwakot,2011/12,Manufacture of food products,1,,,
Nuwakot,2011/12,"Manufacture of wood and of products of wood and cork, except furniture",1,,,
Nuwakot,2011/12,Manufacture of other non-metallic mineral products,6,266,236,"26,896"
Dhading,2011/12,Manufacture of food products,1,,,
Dhading,2011/12,"Manufacture of wood and of products of wood and cork, except furniture",2,,,
Dhading,2011/12,Manufacture of chemicals and chemical products,1,,,
Dhading,2011/12,"Manufacture of pharmaceuticals,  medicinal chemical and botanical products",1,,,
Dhading,2011/12,Manufacture of other non-metallic mineral products,9,303,265,"30,121"
Dhading,2011/12,"Manufacture of fabricated metal products, except machinery and equipment and equipment",1,,,
Dhading,2011/12,Manufacture of furniture,6,61,47,"5,314"
Makwanpur,2011/12,Manufacture of food products,13,591,556,"84,421"
Makwanpur,2011/12,Manufacture of beverages,1,,,
Makwanpur,2011/12,Manufacture of tobacco products,2,,,
Makwanpur,2011/12,Manufacture of textiles,4,119,106,"6,002"
Makwanpur,2011/12,Manufacture of leather and related products,1,,,
Makwanpur,2011/12,"Manufacture of wood and of products of wood and cork, except furniture",1,,,
Makwanpur,2011/12,Manufacture of paper and paper products,4,139,126,"13,993"
Makwanpur,2011/12,Printing and reproduction of recorded media,1,,,
Makwanpur,2011/12,Manufacture of chemicals and chemical products,6,531,513,"162,361"
Makwanpur,2011/12,"Manufacture of pharmaceuticals,  medicinal chemical and botanical products",1,,,
Makwanpur,2011/12,Manufacture of rubber and plastics products,7,148,131,"14,668"
Makwanpur,2011/12,Manufacture of other non-metallic mineral products,35,"1,171","1,084","262,810"
Makwanpur,2011/12,Manufacture of basic metals,1,,,
Makwanpur,2011/12,"Manufacture of fabricated metal products, except machinery and equipment and equipment",3,232,218,"24,264"
Makwanpur,2011/12,Manufacture of electrical equipment,,,,
Makwanpur,2011/12,"Manufacture of motor vehicles, trailers and semi-trailers",,,,
Rautahat,2011/12,Manufacture of food products,13,646,619,"89,514"
Rautahat,2011/12,Manufacture of beverages,3,266,259,"7,133"
Rautahat,2011/12,Manufacture of tobacco products,1,,,
Rautahat,2011/12,"Manufacture of wood and of products of wood and cork, except furniture",2,,,
Rautahat,2011/12,"Manufacture of pharmaceuticals,  medicinal chemical and",2,,,
Rautahat,2011/12,Manufacture of other non-metallic mineral products,26,"2,407","2,354","63,733"
Rautahat,2011/12,Manufacture of electrical equipment,1,,,
Bara,2011/12,Manufacture of food products,58,"3,284","3,154","414,114"
Bara,2011/12,Manufacture of beverages,3,798,792,"49,360"
Bara,2011/12,Manufacture of tobacco products,6,484,478,"109,921"
Bara,2011/12,Manufacture of textiles,13,"2,095","2,078","206,643"
Bara,2011/12,Manufacture of wearing apparel,3,348,338,"38,570"
Bara,2011/12,Manufacture of leather and related products,5,318,310,"38,118"
Bara,2011/12,"Manufacture of wood and of products of wood and cork, except furniture",1,,,
Bara,2011/12,Manufacture of paper and paper products,4,178,172,"15,358"
Bara,2011/12,Printing and reproduction of recorded media,2,,,
Bara,2011/12,Manufacture of coke and refined petroleum products,3,100,99,"15,535"
Bara,2011/12,Manufacture of chemicals and chemical products,4,123,120,"15,360"
Bara,2011/12,"Manufacture of pharmaceuticals,  medicinal chemical and",6,962,890,"131,395"
Bara,2011/12,Manufacture of rubber and plastics products,12,433,419,"50,489"
Bara,2011/12,Manufacture of other non-metallic mineral products,57,"5,603","5,525","203,373"
Bara,2011/12,Manufacture of basic metals,8,"2,245","2,224","306,047"
Bara,2011/12,"Manufacture of fabricated metal products, except machinery and equipment and equipment",16,"2,212","2,163","313,637"
Bara,2011/12,Manufacture of electrical equipment,1,,,
Bara,2011/12,Manufacture of furniture,1,,,
Parsa,2011/12,Manufacture of food products,75,"1,245","1,142","109,756"
Parsa,2011/12,Manufacture of beverages,4,434,427,"18,718"
Parsa,2011/12,Manufacture of tobacco products,2,,,
Parsa,2011/12,Manufacture of textiles,13,224,203,"24,945"
Parsa,2011/12,Manufacture of wearing apparel,9,121,108,"11,195"
Parsa,2011/12,Manufacture of leather and related products,9,152,137,"12,360"
Parsa,2011/12,Manufacture of paper and paper products,6,242,235,"16,223"
Parsa,2011/12,Printing and reproduction of recorded media,1,,,
Parsa,2011/12,Manufacture of chemicals and chemical products,7,207,196,"19,393"
Parsa,2011/12,"Manufacture of pharmaceuticals,  medicinal chemical and",5,801,784,"122,293"
Parsa,2011/12,Manufacture of rubber and plastics products,29,692,635,"69,499"
Parsa,2011/12,Manufacture of other non-metallic mineral products,24,"1,973","1,928","127,743"
Parsa,2011/12,Manufacture of basic metals,4,"1,146","1,140","143,489"
Parsa,2011/12,"Manufacture of fabricated metal products, except machinery and equipment",19,413,388,"41,343"
Parsa,2011/12,"Manufacture of computer, electronic and optical products",2,,,
Parsa,2011/12,Manufacture of machinery and equipment n.e.c.,3,320,314,"38,571"
Parsa,2011/12,Manufacture of furniture,5,105,94,"15,494"
Chitawan,2011/12,Manufacture of food products,40,921,841,"123,266"
Chitawan,2011/12,Manufacture of beverages,9,407,393,"61,454"
Chitawan,2011/12,Manufacture of tobacco products,3,46,36,"3,606"
Chitawan,2011/12,Manufacture of textiles,1,,,
Chitawan,2011/12,Manufacture of leather and related products,1,,,
Chitawan,2011/12,"Manufacture of wood and of products of wood and cork,",14,218,195,"25,350"
Chitawan,2011/12,Manufacture of paper and paper products,10,226,217,"17,782"
Chitawan,2011/12,Printing and reproduction of recorded media,2,,,
Chitawan,2011/12,Manufacture of chemicals and chemical products,4,60,53,"5,230"
Chitawan,2011/12,"Manufacture of pharmaceuticals,  medicinal chemical and",1,,,
Chitawan,2011/12,Manufacture of rubber and plastics products,18,328,299,"29,086"
Chitawan,2011/12,Manufacture of other non-metallic mineral products,29,"3,431","3,387","239,264"
Chitawan,2011/12,Manufacture of basic metals,1,,,
Chitawan,2011/12,"Manufacture of fabricated metal products, except machinery and equipment and equipment",9,151,138,"16,263"
Chitawan,2011/12,Manufacture of electrical equipment,4,92,76,"9,070"
Chitawan,2011/12,Manufacture of machinery and equipment n.e.c.,2,,,
Chitawan,2011/12,"Manufacture of motor vehicles, trailers and semi-trailers",1,,,
Chitawan,2011/12,Manufacture of furniture,10,159,141,"15,257"
Gorkha,2011/12,Manufacture of food products,2,,,
Gorkha,2011/12,"Manufacture of wood and of products of wood and cork, except furniture",2,,,
Gorkha,2011/12,"Manufacture of pharmaceuticals,  medicinal chemical and",1,,,
Gorkha,2011/12,Manufacture of rubber and plastics products,1,,,
Gorkha,2011/12,Manufacture of other non-metallic mineral products,3,154,152,"21,154"
Lamjung,2011/12,Manufacture of other non-metallic mineral products,2,,,
Lamjung,2011/12,Manufacture of furniture,1,,,
Tanahu,2011/12,Manufacture of food products,8,90,80,"6,490"
Tanahu,2011/12,Manufacture of beverages,1,,,
Tanahu,2011/12,Manufacture of other non-metallic mineral products,34,677,609,"55,186"
Tanahu,2011/12,"Manufacture of fabricated metal products, except machinery and equipment and equipment",6,87,73,"9,279"
Tanahu,2011/12,Manufacture of furniture,13,150,121,"12,698"
Syangja,2011/12,Manufacture of food products,2,,,
Syangja,2011/12,Manufacture of beverages,3,32,24,"1,690"
Syangja,2011/12,"Manufacture of wood and of products of wood and cork,",2 except furniture,,,
Syangja,2011/12,Manufacture of rubber and plastics products,1,,,
Syangja,2011/12,Manufacture of other non-metallic mineral products,4,89,80,"7,266"
Syangja,2011/12,Manufacture of furniture,33,360,277,"31,978"
Kaski,2011/12,Manufacture of food products,31,"2,069","1,992","208,299"
Kaski,2011/12,Manufacture of beverages,4,53,50,"4,509"
Kaski,2011/12,Manufacture of textiles,5,65,58,"4,534"
Kaski,2011/12,Manufacture of wearing apparel,5,77,68,"5,452"
Kaski,2011/12,Manufacture of leather and related products,1,,,
Kaski,2011/12,"Manufacture of wood and of products of wood and cork,",11,216,192,"19,971"
Kaski,2011/12,Manufacture of paper and paper products,3,151,146,"22,482"
Kaski,2011/12,Printing and reproduction of recorded media,8,105,82,"7,726"
Kaski,2011/12,Manufacture of chemicals and chemical products,3,38,36,"3,883"
Kaski,2011/12,Manufacture of rubber and plastics products,3,57,53,"5,228"
Kaski,2011/12,Manufacture of other non-metallic mineral products,17,207,170,"16,257"
Kaski,2011/12,Manufacture of basic metals,2,,,
Kaski,2011/12,"Manufacture of fabricated metal products, except machinery and equipment",30,568,492,"48,209"
Kaski,2011/12,Manufacture of electrical equipment,4,53,44,"4,855"
Kaski,2011/12,Manufacture of machinery and equipment n.e.c.,1,,,
Kaski,2011/12,"Manufacture of motor vehicles, trailers and semi-trailers",1,,,
Kaski,2011/12,Manufacture of furniture,69,974,822,"105,516"
Mustang,2011/12,Manufacture of beverages,2,,,
Mustang,2011/12,Manufacture of furniture,1,,,
Myagdi,2011/12,Manufacture of furniture,,,,
Parbat,2011/12,Manufacture of food products,3,41,35,"2,884"
Parbat,2011/12,Manufacture of beverages,2,,,
Parbat,2011/12,"Manufacture of wood and of products of wood and cork, except furniture",2,,,
Parbat,2011/12,Manufacture of paper and paper products,1,,,
Parbat,2011/12,Manufacture of other non-metallic mineral products,3,33,27,"2,000"
Parbat,2011/12,"Manufacture of fabricated metal products, except machinery and equipment and equipment",2,,,
Parbat,2011/12,Manufacture of furniture,10,117,83,"8,883"
Baglung,2011/12,Manufacture of food products,1,,,
Baglung,2011/12,"Manufacture of fabricated metal products, except machinery and equipment and equipment",1,,,
Baglung,2011/12,Manufacture of furniture,3,51,42,"5,752"
Gulmi,2011/12,Manufacture of food products,3,52,40,"2,865"
Gulmi,2011/12,Manufacture of other non-metallic mineral products,1,,,
Gulmi,2011/12,"Manufacture of fabricated metal products, except machinery and equipment and equipment",1,,,
Gulmi,2011/12,Manufacture of furniture,3,30,22,"1,775"
Palpa,2011/12,Manufacture of food products,7,104,83,"6,447"
Palpa,2011/12,Manufacture of beverages,1,,,
Palpa,2011/12,Manufacture of textiles,9,154,134,"7,492"
Palpa,2011/12,"Manufacture of wood and of products of wood and cork,",4,46,35,"2,061"
Palpa,2011/12,Manufacture of other non-metallic mineral products,1,,,
Palpa,2011/12,Manufacture of basic metals,2,,,
Palpa,2011/12,"Manufacture of fabricated metal products, except machinery and equipment",3,34,26,"1,810"
Palpa,2011/12,Manufacture of furniture,,,,
Nawalparasi,2011/12,Manufacture of food products,34,"3,469","3,390","406,826"
Nawalparasi,2011/12,Manufacture of beverages,8,"1,016",999,"149,982"
Nawalparasi,2011/12,Manufacture of tobacco products,1,,,
Nawalparasi,2011/12,"Manufacture of wood and of products of wood and cork,",13,216,194,"15,897"
Nawalparasi,2011/12,Manufacture of paper and paper products,3,267,263,"25,441"
Nawalparasi,2011/12,Printing and reproduction of recorded media,1,,,
Nawalparasi,2011/12,"Manufacture of pharmaceuticals,  medicinal chemical and botanical products",2,,,
Nawalparasi,2011/12,Manufacture of rubber and plastics products,3,221,218,"24,153"
Nawalparasi,2011/12,Manufacture of other non-metallic mineral products,32,"5,666","5,608","360,930"
Nawalparasi,2011/12,Manufacture of basic metals,1,,,
Nawalparasi,2011/12,"Manufacture of fabricated metal products, except machinery and equipment and equipment",2,,,
Nawalparasi,2011/12,Manufacture of machinery and equipment n.e.c.,1,,,
Nawalparasi,2011/12,"Manufacture of motor vehicles, trailers and semi-trailers",1,,,
Nawalparasi,2011/12,Manufacture of furniture,4,45,38,"4,752"
Rupandehi,2011/12,Manufacture of food products,85,"2,281","2,029","228,172"
Rupandehi,2011/12,Manufacture of beverages,3,469,452,"62,055"
Rupandehi,2011/12,Manufacture of textiles,5,467,461,"31,513"
Rupandehi,2011/12,Manufacture of wearing apparel,1,,,
Rupandehi,2011/12,Manufacture of leather and related products,1,,,
Rupandehi,2011/12,"Manufacture of wood and of products of wood and cork,",12,194,164,"15,858"
Rupandehi,2011/12,Manufacture of paper and paper products,6,215,201,"24,126"
Rupandehi,2011/12,Printing and reproduction of recorded media,9,139,113,"8,097"
Rupandehi,2011/12,Manufacture of chemicals and chemical products,9,415,389,"38,965"
Rupandehi,2011/12,"Manufacture of pharmaceuticals,  medicinal chemical and",5,541,507,"95,294"
Rupandehi,2011/12,Manufacture of rubber and plastics products,44,"1,952","1,833","179,788"
Rupandehi,2011/12,Manufacture of other non-metallic mineral products,73,"5,715","5,589","552,868"
Rupandehi,2011/12,Manufacture of basic metals,9,"1,356","1,325","168,168"
Rupandehi,2011/12,"Manufacture of fabricated metal products, except machinery and equipment",19,529,490,"49,798"
Rupandehi,2011/12,Manufacture of electrical equipment,4,249,241,"25,928"
Rupandehi,2011/12,Manufacture of machinery and equipment n.e.c.,7,354,332,"62,884"
Rupandehi,2011/12,"Manufacture of motor vehicles, trailers and semi-trailers",2,,,
Rupandehi,2011/12,Manufacture of furniture,25,285,222,"25,874"
Rupandehi,2011/12,Repair and installation of machinery and equipment,1,,,
Kapilbastu,2011/12,Manufacture of food products,31,639,560,"42,330"
Kapilbastu,2011/12,Manufacture of beverages,1,,,
Kapilbastu,2011/12,Manufacture of tobacco products,1,,,
Kapilbastu,2011/12,Manufacture of textiles,3,41,36,"2,593"
Kapilbastu,2011/12,"Manufacture of wood and of products of wood and cork,",9,280,258,"26,738"
Kapilbastu,2011/12,Manufacture of paper and paper products,1,,,
Kapilbastu,2011/12,Manufacture of chemicals and chemical products,2,,,
Kapilbastu,2011/12,"Manufacture of pharmaceuticals,  medicinal chemical and",2 botanical products,,,
Kapilbastu,2011/12,Manufacture of other non-metallic mineral products,53,"3,793","3,659","129,949"
Kapilbastu,2011/12,Manufacture of furniture,7,73,57,"4,178"
Arghakhanchi,2011/12,Manufacture of food products,3,33,23,"1,750"
Arghakhanchi,2011/12,Manufacture of textiles,1,,,
Arghakhanchi,2011/12,Manufacture of wearing apparel,1,,,
Arghakhanchi,2011/12,"Manufacture of wood and of products of wood and cork, except furniture",1,,,
Arghakhanchi,2011/12,Manufacture of other non-metallic mineral products,4,84,75,"6,688"
Arghakhanchi,2011/12,"Manufacture of fabricated metal products, except machinery and equipment and equipment",2,,,
Arghakhanchi,2011/12,Manufacture of furniture,,,,
Pyuthan,2011/12,Manufacture of furniture,,,,
Rolpa,2011/12,"Manufacture of fabricated metal products, except machinery and equipment",1 and equipment,,,
Rukum,2011/12,Manufacture of furniture,2,,,
Dang,2011/12,Manufacture of food products,19,278,209,"17,634"
Dang,2011/12,Manufacture of beverages,2,,,
Dang,2011/12,"Manufacture of wood and of products of wood and cork,",15,213,187,"16,744"
Dang,2011/12,Manufacture of rubber and plastics products,1,,,
Dang,2011/12,Manufacture of other non-metallic mineral products,24,"1,613","1,550","119,283"
Dang,2011/12,"Manufacture of fabricated metal products, except machinery and equipment and equipment",2,,,
Dang,2011/12,Manufacture of furniture,9,143,118,"13,713"
Dang,2011/12,Other manufacturing,6,84,62,"10,331"
Banke,2011/12,Manufacture of food products,56,"1,045",913,"100,120"
Banke,2011/12,Manufacture of beverages,4,272,254,"50,356"
Banke,2011/12,Manufacture of textiles,1,,,
Banke,2011/12,Manufacture of leather and related products,2,,,
Banke,2011/12,"Manufacture of wood and of products of wood and cork,",22,377,330,"25,155"
Banke,2011/12,"Manufacture of pharmaceuticals,  medicinal chemical and botanical products",10,383,362,"39,879"
Banke,2011/12,Manufacture of rubber and plastics products,10,206,181,"17,783"
Banke,2011/12,Manufacture of other non-metallic mineral products,44,"4,886","4,806","95,343"
Banke,2011/12,"Manufacture of fabricated metal products, except machinery and equipment",15,415,379,"35,320"
Banke,2011/12,Manufacture of electrical equipment,2,,,
Banke,2011/12,Manufacture of machinery and equipment n.e.c.,1,,,
Banke,2011/12,Manufacture of furniture,15,191,151,"10,755"
Banke,2011/12,Other manufacturing,1,,,
Bardiya,2011/12,Manufacture of food products,27,358,292,"15,056"
Bardiya,2011/12,"Manufacture of wood and of products of wood and cork,",14,165,131,"5,775"
Bardiya,2011/12,Manufacture of chemicals and chemical products,1,,,
Bardiya,2011/12,Manufacture of other non-metallic mineral products,15,"1,026",990,"31,928"
Bardiya,2011/12,Manufacture of machinery and equipment n.e.c.,1,,,
Bardiya,2011/12,Manufacture of furniture,7,74,58,"2,186"
Surkhet,2011/12,Manufacture of food products,1,,,
Surkhet,2011/12,Manufacture of beverages,2,,,
Surkhet,2011/12,Manufacture of textiles,1,,,
Surkhet,2011/12,Manufacture of wearing apparel,7,72,57,"4,863"
Surkhet,2011/12,"Manufacture of wood and of products of wood and cork,",8,81,55,"5,103"
Surkhet,2011/12,Manufacture of paper and paper products,1,,,
Surkhet,2011/12,Printing and reproduction of recorded media,1,,,
Surkhet,2011/12,Manufacture of rubber and plastics products,1,,,
Surkhet,2011/12,Manufacture of other non-metallic mineral products,8,200,184,"13,470"
Surkhet,2011/12,"Manufacture of fabricated metal products, except machinery and equipment and equipment",1,,,
Surkhet,2011/12,Manufacture of electrical equipment,1,,,
Surkhet,2011/12,Manufacture of furniture,,,,
Dailekh,2011/12,Manufacture of textiles,1,,,
Dailekh,2011/12,Manufacture of paper and paper products,1,,,
Dailekh,2011/12,Manufacture of furniture,1,,,
Jajarkot,2011/12,Manufacture of paper and paper products,2,,,
Jumla,2011/12,Manufacture of electrical equipment,1,,,
Kalikot,2011/12,Manufacture of furniture,1,,,
Bajura,2011/12,Manufacture of paper and paper products,3,34,22,"1,050"
Bajura,2011/12,"Manufacture of fabricated metal products, except machinery and equipment and equipment",1,,,
Bajura,2011/12,Manufacture of furniture,1,,,
Bajhang,2011/12,Manufacture of paper and paper products,1,,,
Doti,2011/12,Manufacture of food products,2,,,
Doti,2011/12,Manufacture of furniture,2,,,
Kailali,2011/12,Manufacture of food products,39,907,841,"64,985"
Kailali,2011/12,Manufacture of tobacco products,1,,,
Kailali,2011/12,Manufacture of wearing apparel,3,40,34,"2,702"
Kailali,2011/12,"Manufacture of wood and of products of wood and cork, except furniture",17,258,234,"14,512"
Kailali,2011/12,Printing and reproduction of recorded media,4,50,43,"2,877"
Kailali,2011/12,Manufacture of chemicals and chemical products,3,124,122,"12,548"
Kailali,2011/12,"Manufacture of pharmaceuticals,  medicinal chemical and botanical products",2,,,
Kailali,2011/12,Manufacture of other non-metallic mineral products,31,"1,577","1,540","83,478"
Kailali,2011/12,"Manufacture of fabricated metal products, except machinery and equipment",13,177,156,"9,911"
Kailali,2011/12,Manufacture of furniture,10,154,134,"10,390"
Kanchanpur,2011/12,Manufacture of food products,38,957,865,"33,901"
Kanchanpur,2011/12,Manufacture of beverages,2,,,
Kanchanpur,2011/12,Manufacture of textiles,1,,,
Kanchanpur,2011/12,Manufacture of wearing apparel,4,46,36,"3,371"
Kanchanpur,2011/12,"Manufacture of wood and of products of wood and cork,",12,171,150,"8,743"
Kanchanpur,2011/12,Printing and reproduction of recorded media,2,,,
Kanchanpur,2011/12,Manufacture of other non-metallic mineral products,27,"1,829","1,776","73,876"
Kanchanpur,2011/12,"Manufacture of fabricated metal products, except machinery and equipment and equipment",1,,,
Kanchanpur,2011/12,"Manufacture of motor vehicles, trailers and semi-trailers",2,,,
Kanchanpur,2011/12,Manufacture of furniture,6,101,92,"5,444"
Kanchanpur,2011/12,Other manufacturing,1,,,
Baitadi,2011/12,Manufacture of chemicals and chemical products,1,,,
Darchaula,2011/12,Manufacture of textiles,1,,,
